Workbook

Sheet Бали кандидатів
A1: КАЛЬКУЛЯТОР КОНКУРСНОГО БАЛА — аспірантура F3 «Комп'ютерні науки», 2026
A3: ЖОВТІ клітинки заповнюєте ви. Два стовпці — два кандидати; таблиця рахує обидва одночасно.
A5: ПОКАЗНИК | B5: КАНДИДАТ 1 | C5: КАНДИДАТ 2 | D5: Пояснення
A6: ЄВІ — тест з іноземної мови (П1) | B6: 174 | C6: 167 | D6: Кандидат 2: фактичний результат ЄВІ-іноземна 167.
A7: ЄВВ — методологія наукових досліджень (П2) | B7: 158.5 | C7: 142 | D7: Кандидат 2: фактичний результат 142. УВАГА: нижче 150 — не проходить туди, де ЗВО підняв мін. бал за ЄВВ до 150 (напр. Інститут проблем моделювання в енергетиці НАНУ).
A8: ТЗНК (для допуску, вага 0) | B8: 182 | C8: 175 | D8: Кандидат 2: фактичний результат 175. У формулу КБ не входить, лише допуск.
A9: Очікуваний бал за іспит зі спеціальності | B9: 160 | C9: 160 | D9: ОЦІНКА, а не факт. Змініть — і вся таблиця перерахується.
A10: Очікуваний бал за дослідницьку пропозицію | B10: 180 | C10: 150 | D10: Там, де вона оцінюється.
A11: Очікуваний бал за додатковий іспит (філософія тощо) | B11: 150 | C11: 150 | D11: Стосується лише ЖДУ ім. Франка та Одеської юракадемії.
A13: ПЕРЕВІРКА ДОПУСКУ (ТЗНК + іноземна >= 300)
A14: Сума | B14: =B8+B6 | C14: =C8+C6 | D14: =IF(AND(B14>=300,C14>=300),"обидва допущені",IF(B14>=300,"К2 НЕ допущений",IF(C14>=300,"К1 НЕ допущений","обидва НЕ допущені")))
A16: ФОРМУЛА (Порядок прийому 2026, вступ до аспірантури)
A17: КБ = 0,2 × іноземна ЄВІ + 0,2 × ЄВВ + 0,6 × фахові випробування (іспит + пропозиція + дод. іспит)
A18: ТЗНК має вагу 0 і в конкурсний бал не входить — лише допуск.
A20: !! «Ліцензований обсяг» на аркуші розрахунку — це ЄМНІСТЬ ЗА ЛІЦЕНЗІЄЮ, а не кількість бюджетних місць.
A21: Розподіл держзамовлення між ЗВО торік відбувся 15 вересня — тобто вже після дедлайну подачі заяв.
A23: УВАГА, КАНДИДАТ 2. Пріоритет — НУ «Запорізька політехніка», «Електронна інженерія». Це галузь «Інженерія, виробництво та будівництво», а НЕ «Інформаційні технології»: аркуш «Розрахунок по ЗВО» покриває лише F1-F7 і цієї пропозиції не містить. Квота держзамовлення на IT (769 місць) до неї теж не стосується — електроніка фінансується з іншої галузевої квоти.
A24: Ваги випробувань у «Електронній інженерії» майже напевно інші, ніж у F3. Поки пропозицію не вивантажено зі «Вступ.ОСВІТА.UA», КБ по ній не рахується.

Sheet Розрахунок по ЗВО
A1: СПЕЦІАЛЬНІСТЬ | B1: ЗВО | C1: Місто | D1: Регіон | E1: Денна бюджетна? | F1: Тип пропозиції | G1: Переміщений ЗВО | H1: Примітка про переміщення | I1: Освітня програма | J1: Факультет | K1: Ліцензований обсяг (НЕ дорівнює кількості бюджетних місць) | L1: Заяв | M1: Заяв на 1 ліценз. місце | N1: Дані станом на | O1: k іспит | P1: k пропозиція | Q1: k дод. | R1: Мін. бал іспит | S1: Мін. бал пропоз. | T1: КБ — кандидат 1 | U1: КБ — кандидат 2 | V1: Допуск К1 | W1: Допуск К2 | X1: Пороги К1 | Y1: Пороги К2 | Z1: Тип відбору | AA1: Інші випробування / нюанси | AB1: ДАТА іспиту зі спец. | AC1: ЧАС іспиту | AD1: МІСЦЕ / формат складання | AE1: Контакти | AF1: Сторінка пропозиції | AG1: Дистанційно? | AH1: Приїздів/рік | AI1: Запит/відповідь | AJ1: Мін. бал ЄВВ | AK1: Мін. бал іноземної | AL1: Мін. бал ТЗНК | AM1: Допуск ЄВВ К1 | AN1: Допуск ЄВВ К2
A2: F3 Комп'ютерні науки | B2: Інститут проблем моделювання в енергетиці ім. Г. Є. Пухова НАНУ | C2: Київ | D2: Київ | E2: ТАК | F2: Фіксована | G2: ні | I2: Комп'ютерні науки | K2: 13 | L2: 10 | M2: =IF(K2=0,"н/д",L2/K2) | N2: 26.08.2026 | O2: 0.6 | P2: 0 | Q2: 0 | R2: — | S2: — | T2: =0.2*'Бали кандидатів'!$B$6+0.2*'Бали кандидатів'!$B$7+O2*'Бали кандидатів'!$B$9+P2*'Бали кандидатів'!$B$10+Q2*'Бали кандидатів'!$B$11 | U2: =0.2*'Бали кандидатів'!$C$6+0.2*'Бали кандидатів'!$C$7+O2*'Бали кандидатів'!$C$9+P2*'Бали кандидатів'!$C$10+Q2*'Бали кандидатів'!$C$11 | V2: =IF('Бали кандидатів'!$B$14>=300,"OK","НЕ ДОПУЩЕНО") | W2: =IF('Бали кандидатів'!$C$14>=300,"OK","НЕ ДОПУЩЕНО") | X2: =IF(AND(OR(R2="—",'Бали кандидатів'!$B$9>=R2),OR(S2="—",'Бали кандидатів'!$B$10>=S2)),"проходить","НИЖЧЕ мін. балу") | Y2: =IF(AND(OR(R2="—",'Бали кандидатів'!$C$9>=R2),OR(S2="—",'Бали кандидатів'!$C$10>=S2)),"проходить","НИЖЧЕ мін. балу") | Z2: Тільки іспит зі спеціальності | AA2: Мін. бал за ЄВВ підвищено до 150 (у вас 158.5 — проходить) | AE2: https://vstup.osvita.ua/r27/3487/entrance.html | AF2: https://vstup.osvita.ua/y2026/r27/3487/1654421/ | AM2: =IF(AJ2="","дані ще не вивантажені",IF('Бали кандидатів'!$B$7>=AJ2,"проходить","НЕ проходить за ЄВВ")) | AN2: =IF(AJ2="","дані ще не вивантажені",IF('Бали кандидатів'!$C$7>=AJ2,"проходить","НЕ проходить за ЄВВ"))
A3: F3 Комп'ютерні науки | B3: Харківський національний університет ім. В. Н. Каразіна | C3: Харків | D3: Харківська | E3: ТАК | F3: Фіксована | G3: ні | I3: Комп'ютерні науки | J3: Математики і інформатики | K3: 10 | L3: 9 | M3: =IF(K3=0,"н/д",L3/K3) | N3: 25.08.2026 (застаріле) | O3: 0.2 | P3: 0.4 | Q3: 0 | R3: 100 | S3: 100 | T3: =0.2*'Бали кандидатів'!$B$6+0.2*'Бали кандидатів'!$B$7+O3*'Бали кандидатів'!$B$9+P3*'Бали кандидатів'!$B$10+Q3*'Бали кандидатів'!$B$11 | U3: =0.2*'Бали кандидатів'!$C$6+0.2*'Бали кандидатів'!$C$7+O3*'Бали кандидатів'!$C$9+P3*'Бали кандидатів'!$C$10+Q3*'Бали кандидатів'!$C$11 | V3: =IF('Бали кандидатів'!$B$14>=300,"OK","НЕ ДОПУЩЕНО") | W3: =IF('Бали кандидатів'!$C$14>=300,"OK","НЕ ДОПУЩЕНО") | X3: =IF(AND(OR(R3="—",'Бали кандидатів'!$B$9>=R3),OR(S3="—",'Бали кандидатів'!$B$10>=S3)),"проходить","НИЖЧЕ мін. балу") | Y3: =IF(AND(OR(R3="—",'Бали кандидатів'!$C$9>=R3),OR(S3="—",'Бали кандидатів'!$C$10>=S3)),"проходить","НИЖЧЕ мін. балу") | Z3: Дослідницька пропозиція важить більше або нарівні з іспитом | AA3: Плюс додатковий іспит зі спеціальності (вага 0) | AE3: https://vstup.osvita.ua/r21/62/entrance.html | AF3: https://vstup.osvita.ua/y2026/r21/62/1652199/ | AM3: =IF(AJ3="","дані ще не вивантажені",IF('Бали кандидатів'!$B$7>=AJ3,"проходить","НЕ проходить за ЄВВ")) | AN3: =IF(AJ3="","дані ще не вивантажені",IF('Бали кандидатів'!$C$7>=AJ3,"проходить","НЕ проходить за ЄВВ"))
A4: F4 Системний аналіз | B4: НУ «Львівська політехніка» | C4: Львів | D4: Львівська | E4: ТАК | F4: Фіксована | G4: ні | I4: Системний аналіз та наука про дані | J4: Інститут комп. наук та інформаційних технологій | K4: 23 | L4: 21 | M4: =IF(K4=0,"н/д",L4/K4) | N4: 26.08.2026 | O4: ? | P4: ? | Q4: ? | R4: ? | S4: ? | T4: ваги невідомі | U4: ваги невідомі | V4: =IF('Бали кандидатів'!$B$14>=300,"OK","НЕ ДОПУЩЕНО") | W4: =IF('Бали кандидатів'!$C$14>=300,"OK","НЕ ДОПУЩЕНО") | X4: — | Y4: — | Z4: ваги не зчитані — уточнити на сторінці пропозиції | AA4: Складові конкурсного бала у вихідних даних відсутні — відкрити «Детальніше» на сторінці ЗВО | AB4: 09.09.2026 | AC4: 14:30 | AD4: I навчальний корпус, вул. Старосольських 2/4, Львів (ІКНІ) | AE4: https://vstup.osvita.ua/r14/97/entrance.html | AF4: https://vstup.osvita.ua/r14/97/ | AM4: =IF(AJ4="","дані ще не вивантажені",IF('Бали кандидатів'!$B$7>=AJ4,"проходить","НЕ проходить за ЄВВ")) | AN4: =IF(AJ4="","дані ще не вивантажені",IF('Бали кандидатів'!$C$7>=AJ4,"проходить","НЕ проходить за ЄВВ"))
A5: F3 Комп'ютерні науки | B5: Інститут прикладних систем управління НАНУ | C5: Київ | D5: Київ | E5: ТАК | F5: Фіксована | G5: ні | I5: Комп'ютерні науки | K5: 7 | L5: 7 | M5: =IF(K5=0,"н/д",L5/K5) | N5: 26.08.2026 | O5: 0.3 | P5: 0.3 | Q5: 0 | R5: — | S5: — | T5: =0.2*'Бали кандидатів'!$B$6+0.2*'Бали кандидатів'!$B$7+O5*'Бали кандидатів'!$B$9+P5*'Бали кандидатів'!$B$10+Q5*'Бали кандидатів'!$B$11 | U5: =0.2*'Бали кандидатів'!$C$6+0.2*'Бали кандидатів'!$C$7+O5*'Бали кандидатів'!$C$9+P5*'Бали кандидатів'!$C$10+Q5*'Бали кандидатів'!$C$11 | V5: =IF('Бали кандидатів'!$B$14>=300,"OK","НЕ ДОПУЩЕНО") | W5: =IF('Бали кандидатів'!$C$14>=300,"OK","НЕ ДОПУЩЕНО") | X5: =IF(AND(OR(R5="—",'Бали кандидатів'!$B$9>=R5),OR(S5="—",'Бали кандидатів'!$B$10>=S5)),"проходить","НИЖЧЕ мін. балу") | Y5: =IF(AND(OR(R5="—",'Бали кандидатів'!$C$9>=R5),OR(S5="—",'Бали кандидатів'!$C$10>=S5)),"проходить","НИЖЧЕ мін. балу") | Z5: Дослідницька пропозиція важить більше або нарівні з іспитом | AE5: https://vstup.osvita.ua/r27/7303/entrance.html | AF5: https://vstup.osvita.ua/y2026/r27/7303/1669043/ | AM5: =IF(AJ5="","дані ще не вивантажені",IF('Бали кандидатів'!$B$7>=AJ5,"проходить","НЕ проходить за ЄВВ")) | AN5: =IF(AJ5="","дані ще не вивантажені",IF('Бали кандидатів'!$C$7>=AJ5,"проходить","НЕ проходить за ЄВВ"))
A6: F2 Інженерія ПЗ | B6: НУ «Чернігівська політехніка» | C6: Чернігів | D6: Чернігівська | E6: ТАК | F6: Фіксована | G6: ні | I6: Інженерія програмного забезпечення | J6: Аспірантура | K6: 5 | L6: 5 | M6: =IF(K6=0,"н/д",L6/K6) | N6: 26.08.2026 | O6: 0.6 | P6: 0 | Q6: 0 | R6: — | S6: — | T6: =0.2*'Бали кандидатів'!$B$6+0.2*'Бали кандидатів'!$B$7+O6*'Бали кандидатів'!$B$9+P6*'Бали кандидатів'!$B$10+Q6*'Бали кандидатів'!$B$11 | U6: =0.2*'Бали кандидатів'!$C$6+0.2*'Бали кандидатів'!$C$7+O6*'Бали кандидатів'!$C$9+P6*'Бали кандидатів'!$C$10+Q6*'Бали кандидатів'!$C$11 | V6: =IF('Бали кандидатів'!$B$14>=300,"OK","НЕ ДОПУЩЕНО") | W6: =IF('Бали кандидатів'!$C$14>=300,"OK","НЕ ДОПУЩЕНО") | X6: =IF(AND(OR(R6="—",'Бали кандидатів'!$B$9>=R6),OR(S6="—",'Бали кандидатів'!$B$10>=S6)),"проходить","НИЖЧЕ мін. балу") | Y6: =IF(AND(OR(R6="—",'Бали кандидатів'!$C$9>=R6),OR(S6="—",'Бали кандидатів'!$C$10>=S6)),"проходить","НИЖЧЕ мін. балу") | Z6: Тільки іспит зі спеціальності | AE6: https://vstup.osvita.ua/r26/140/entrance.html | AF6: https://vstup.osvita.ua/y2026/r26/140/1642941/ | AM6: =IF(AJ6="","дані ще не вивантажені",IF('Бали кандидатів'!$B$7>=AJ6,"проходить","НЕ проходить за ЄВВ")) | AN6: =IF(AJ6="","дані ще не вивантажені",IF('Бали кандидатів'!$C$7>=AJ6,"проходить","НЕ проходить за ЄВВ"))
A7: F2 Інженерія ПЗ | B7: Ужгородський національний університет | C7: Ужгород | D7: Закарпатська | E7: ТАК | F7: Фіксована | G7: ні | I7: Інженерія програмного забезпечення | J7: Факультет інформаційних технологій | K7: 8 | L7: 8 | M7: =IF(K7=0,"н/д",L7/K7) | N7: 26.08.2026 | O7: 0.4 | P7: 0.2 | Q7: 0 | R7: 100 | S7: 100 | T7: =0.2*'Бали кандидатів'!$B$6+0.2*'Бали кандидатів'!$B$7+O7*'Бали кандидатів'!$B$9+P7*'Бали кандидатів'!$B$10+Q7*'Бали кандидатів'!$B$11 | U7: =0.2*'Бали кандидатів'!$C$6+0.2*'Бали кандидатів'!$C$7+O7*'Бали кандидатів'!$C$9+P7*'Бали кандидатів'!$C$10+Q7*'Бали кандидатів'!$C$11 | V7: =IF('Бали кандидатів'!$B$14>=300,"OK","НЕ ДОПУЩЕНО") | W7: =IF('Бали кандидатів'!$C$14>=300,"OK","НЕ ДОПУЩЕНО") | X7: =IF(AND(OR(R7="—",'Бали кандидатів'!$B$9>=R7),OR(S7="—",'Бали кандидатів'!$B$10>=S7)),"проходить","НИЖЧЕ мін. балу") | Y7: =IF(AND(OR(R7="—",'Бали кандидатів'!$C$9>=R7),OR(S7="—",'Бали кандидатів'!$C$10>=S7)),"проходить","НИЖЧЕ мін. балу") | Z7: Іспит + дослідницька пропозиція | AE7: https://vstup.osvita.ua/r8/207/entrance.html | AF7: https://vstup.osvita.ua/y2026/r8/207/1643043/ | AM7: =IF(AJ7="","дані ще не вивантажені",IF('Бали кандидатів'!$B$7>=AJ7,"проходить","НЕ проходить за ЄВВ")) | AN7: =IF(AJ7="","дані ще не вивантажені",IF('Бали кандидатів'!$C$7>=AJ7,"проходить","НЕ проходить за ЄВВ"))
A8: F2 Інженерія ПЗ | B8: МАУП (Міжрегіональна Академія управління персоналом) | C8: Київ | D8: Київ | E8: ТАК | F8: Фіксована | G8: ні | I8: Інженерія програмного забезпечення | K8: 15 | L8: 15 | M8: =IF(K8=0,"н/д",L8/K8) | N8: 26.08.2026 | O8: 0.3 | P8: 0.3 | Q8: 0 | R8: 100 | S8: 100 | T8: =0.2*'Бали кандидатів'!$B$6+0.2*'Бали кандидатів'!$B$7+O8*'Бали кандидатів'!$B$9+P8*'Бали кандидатів'!$B$10+Q8*'Бали кандидатів'!$B$11 | U8: =0.2*'Бали кандидатів'!$C$6+0.2*'Бали кандидатів'!$C$7+O8*'Бали кандидатів'!$C$9+P8*'Бали кандидатів'!$C$10+Q8*'Бали кандидатів'!$C$11 | V8: =IF('Бали кандидатів'!$B$14>=300,"OK","НЕ ДОПУЩЕНО") | W8: =IF('Бали кандидатів'!$C$14>=300,"OK","НЕ ДОПУЩЕНО") | X8: =IF(AND(OR(R8="—",'Бали кандидатів'!$B$9>=R8),OR(S8="—",'Бали кандидатів'!$B$10>=S8)),"проходить","НИЖЧЕ мін. балу") | Y8: =IF(AND(OR(R8="—",'Бали кандидатів'!$C$9>=R8),OR(S8="—",'Бали кандидатів'!$C$10>=S8)),"проходить","НИЖЧЕ мін. балу") | Z8: Дослідницька пропозиція важить більше або нарівні з іспитом | AA8: ПРИВАТНИЙ ЗВО. Власний дедлайн подачі — 25.08.2026, іспити 26.08–07.09; далі лише додаткова сесія 23.09–07.10. Навчання платне | AE8: https://vstup.osvita.ua/r27/249/entrance.html | AF8: https://vstup.osvita.ua/y2026/r27/249/1649582/ | AM8: =IF(AJ8="","дані ще не вивантажені",IF('Бали кандидатів'!$B$7>=AJ8,"проходить","НЕ проходить за ЄВВ")) | AN8: =IF(AJ8="","дані ще не вивантажені",IF('Бали кандидатів'!$C$7>=AJ8,"проходить","НЕ проходить за ЄВВ"))
A9: F2 Інженерія ПЗ | B9: Міжнародний університет (Одеса) | C9: Одеса | D9: Одеська | E9: ТАК | F9: Фіксована | G9: ні | I9: Інженерія програмного забезпечення | J9: Кібербезпеки, програмної інженерії та комп'ютерних наук | K9: 1 | L9: 1 | M9: =IF(K9=0,"н/д",L9/K9) | N9: 26.08.2026 | O9: 0.6 | P9: 0 | Q9: 0 | R9: — | S9: — | T9: =0.2*'Бали кандидатів'!$B$6+0.2*'Бали кандидатів'!$B$7+O9*'Бали кандидатів'!$B$9+P9*'Бали кандидатів'!$B$10+Q9*'Бали кандидатів'!$B$11 | U9: =0.2*'Бали кандидатів'!$C$6+0.2*'Бали кандидатів'!$C$7+O9*'Бали кандидатів'!$C$9+P9*'Бали кандидатів'!$C$10+Q9*'Бали кандидатів'!$C$11 | V9: =IF('Бали кандидатів'!$B$14>=300,"OK","НЕ ДОПУЩЕНО") | W9: =IF('Бали кандидатів'!$C$14>=300,"OK","НЕ ДОПУЩЕНО") | X9: =IF(AND(OR(R9="—",'Бали кандидатів'!$B$9>=R9),OR(S9="—",'Бали кандидатів'!$B$10>=S9)),"проходить","НИЖЧЕ мін. балу") | Y9: =IF(AND(OR(R9="—",'Бали кандидатів'!$C$9>=R9),OR(S9="—",'Бали кандидатів'!$C$10>=S9)),"проходить","НИЖЧЕ мін. балу") | Z9: Тільки іспит зі спеціальності | AA9: Додаткова співбесіда для вступників з іншої спеціальності (вага 0) | AE9: https://vstup.osvita.ua/r16/353/entrance.html | AF9: https://vstup.osvita.ua/y2026/r16/353/1652604/ | AM9: =IF(AJ9="","дані ще не вивантажені",IF('Бали кандидатів'!$B$7>=AJ9,"проходить","НЕ проходить за ЄВВ")) | AN9: =IF(AJ9="","дані ще не вивантажені",IF('Бали кандидатів'!$C$7>=AJ9,"проходить","НЕ проходить за ЄВВ"))
A10: F4 Системний аналіз | B10: Харківський національний університет радіоелектроніки (ХНУРЕ) | C10: Харків | D10: Харківська | E10: ТАК | F10: Фіксована | G10: ні | I10: Системний аналіз | K10: 20 | L10: 20 | M10: =IF(K10=0,"н/д",L10/K10) | N10: 26.08.2026 | O10: 0.6 | P10: 0 | Q10: 0 | R10: 100 | S10: — | T10: =0.2*'Бали кандидатів'!$B$6+0.2*'Бали кандидатів'!$B$7+O10*'Бали кандидатів'!$B$9+P10*'Бали кандидатів'!$B$10+Q10*'Бали кандидатів'!$B$11 | U10: =0.2*'Бали кандидатів'!$C$6+0.2*'Бали кандидатів'!$C$7+O10*'Бали кандидатів'!$C$9+P10*'Бали кандидатів'!$C$10+Q10*'Бали кандидатів'!$C$11 | V10: =IF('Бали кандидатів'!$B$14>=300,"OK","НЕ ДОПУЩЕНО") | W10: =IF('Бали кандидатів'!$C$14>=300,"OK","НЕ ДОПУЩЕНО") | X10: =IF(AND(OR(R10="—",'Бали кандидатів'!$B$9>=R10),OR(S10="—",'Бали кандидатів'!$B$10>=S10)),"проходить","НИЖЧЕ мін. балу") | Y10: =IF(AND(OR(R10="—",'Бали кандидатів'!$C$9>=R10),OR(S10="—",'Бали кандидатів'!$C$10>=S10)),"проходить","НИЖЧЕ мін. балу") | Z10: Тільки іспит зі спеціальності | AA10: Ваги підтверджено зі сторінки ЗВО: іноземна 0.20, ЄВВ 0.20, іспит зі спец. 0.60, ТЗНК 0.00 — усі з мін. балом 100 | AE10: https://vstup.osvita.ua/r21/92/entrance.html | AF10: https://vstup.osvita.ua/y2026/r21/92/1653836/ | AM10: =IF(AJ10="","дані ще не вивантажені",IF('Бали кандидатів'!$B$7>=AJ10,"проходить","НЕ проходить за ЄВВ")) | AN10: =IF(AJ10="","дані ще не вивантажені",IF('Бали кандидатів'!$C$7>=AJ10,"проходить","НЕ проходить за ЄВВ"))
A11: F2 Інженерія ПЗ | B11: НУ «Львівська політехніка» | C11: Львів | D11: Львівська | E11: ТАК | F11: Фіксована | G11: ні | I11: Інженерія програмного забезпечення | J11: Інститут комп. наук та інформаційних технологій | K11: 33 | L11: 34 | M11: =IF(K11=0,"н/д",L11/K11) | N11: 26.08.2026 | O11: 0.6 | P11: 0 | Q11: 0 | R11: 110 | S11: — | T11: =0.2*'Бали кандидатів'!$B$6+0.2*'Бали кандидатів'!$B$7+O11*'Бали кандидатів'!$B$9+P11*'Бали кандидатів'!$B$10+Q11*'Бали кандидатів'!$B$11 | U11: =0.2*'Бали кандидатів'!$C$6+0.2*'Бали кандидатів'!$C$7+O11*'Бали кандидатів'!$C$9+P11*'Бали кандидатів'!$C$10+Q11*'Бали кандидатів'!$C$11 | V11: =IF('Бали кандидатів'!$B$14>=300,"OK","НЕ ДОПУЩЕНО") | W11: =IF('Бали кандидатів'!$C$14>=300,"OK","НЕ ДОПУЩЕНО") | X11: =IF(AND(OR(R11="—",'Бали кандидатів'!$B$9>=R11),OR(S11="—",'Бали кандидатів'!$B$10>=S11)),"проходить","НИЖЧЕ мін. балу") | Y11: =IF(AND(OR(R11="—",'Бали кандидатів'!$C$9>=R11),OR(S11="—",'Бали кандидатів'!$C$10>=S11)),"проходить","НИЖЧЕ мін. балу") | Z11: Тільки іспит зі спеціальності | AA11: Іспит того самого дня і години, що й F3: 09.09.2026, 14:30 | AB11: 09.09.2026 | AC11: 14:30 | AD11: I навчальний корпус, вул. Старосольських 2/4, Львів (ІКНІ) | AE11: https://vstup.osvita.ua/r14/97/entrance.html | AF11: https://vstup.osvita.ua/y2026/r14/97/1645690/ | AM11: =IF(AJ11="","дані ще не вивантажені",IF('Бали кандидатів'!$B$7>=AJ11,"проходить","НЕ проходить за ЄВВ")) | AN11: =IF(AJ11="","дані ще не вивантажені",IF('Бали кандидатів'!$C$7>=AJ11,"проходить","НЕ проходить за ЄВВ"))
A12: F3 Комп'ютерні науки | B12: Харківський національний університет ім. В. Н. Каразіна | C12: Харків | D12: Харківська | E12: ТАК | F12: Фіксована | G12: ні | I12: Комп'ютерні науки | J12: ННІ комп. наук та штучного інтелекту | K12: 21 | L12: 23 | M12: =IF(K12=0,"н/д",L12/K12) | N12: 25.08.2026 (застаріле) | O12: 0.2 | P12: 0.4 | Q12: 0 | R12: 100 | S12: 100 | T12: =0.2*'Бали кандидатів'!$B$6+0.2*'Бали кандидатів'!$B$7+O12*'Бали кандидатів'!$B$9+P12*'Бали кандидатів'!$B$10+Q12*'Бали кандидатів'!$B$11 | U12: =0.2*'Бали кандидатів'!$C$6+0.2*'Бали кандидатів'!$C$7+O12*'Бали кандидатів'!$C$9+P12*'Бали кандидатів'!$C$10+Q12*'Бали кандидатів'!$C$11 | V12: =IF('Бали кандидатів'!$B$14>=300,"OK","НЕ ДОПУЩЕНО") | W12: =IF('Бали кандидатів'!$C$14>=300,"OK","НЕ ДОПУЩЕНО") | X12: =IF(AND(OR(R12="—",'Бали кандидатів'!$B$9>=R12),OR(S12="—",'Бали кандидатів'!$B$10>=S12)),"проходить","НИЖЧЕ мін. балу") | Y12: =IF(AND(OR(R12="—",'Бали кандидатів'!$C$9>=R12),OR(S12="—",'Бали кандидатів'!$C$10>=S12)),"проходить","НИЖЧЕ мін. балу") | Z12: Дослідницька пропозиція важить більше або нарівні з іспитом | AA12: Плюс додатковий іспит зі спеціальності (вага 0) | AE12: https://vstup.osvita.ua/r21/62/entrance.html | AF12: https://vstup.osvita.ua/y2026/r21/62/1652201/ | AM12: =IF(AJ12="","дані ще не вивантажені",IF('Бали кандидатів'!$B$7>=AJ12,"проходить","НЕ проходить за ЄВВ")) | AN12: =IF(AJ12="","дані ще не вивантажені",IF('Бали кандидатів'!$C$7>=AJ12,"проходить","НЕ проходить за ЄВВ"))
A13: F2 Інженерія ПЗ | B13: Західноукраїнський національний університет | C13: Тернопіль | D13: Тернопільська | E13: ТАК | F13: Фіксована | G13: ні | I13: Інженерія програмного забезпечення | J13: Комп'ютерних інформаційних технологій | K13: 16 | L13: 18 | M13: =IF(K13=0,"н/д",L13/K13) | N13: 26.08.2026 | O13: 0.6 | P13: 0 | Q13: 0 | R13: — | S13: — | T13: =0.2*'Бали кандидатів'!$B$6+0.2*'Бали кандидатів'!$B$7+O13*'Бали кандидатів'!$B$9+P13*'Бали кандидатів'!$B$10+Q13*'Бали кандидатів'!$B$11 | U13: =0.2*'Бали кандидатів'!$C$6+0.2*'Бали кандидатів'!$C$7+O13*'Бали кандидатів'!$C$9+P13*'Бали кандидатів'!$C$10+Q13*'Бали кандидатів'!$C$11 | V13: =IF('Бали кандидатів'!$B$14>=300,"OK","НЕ ДОПУЩЕНО") | W13: =IF('Бали кандидатів'!$C$14>=300,"OK","НЕ ДОПУЩЕНО") | X13: =IF(AND(OR(R13="—",'Бали кандидатів'!$B$9>=R13),OR(S13="—",'Бали кандидатів'!$B$10>=S13)),"проходить","НИЖЧЕ мін. балу") | Y13: =IF(AND(OR(R13="—",'Бали кандидатів'!$C$9>=R13),OR(S13="—",'Бали кандидатів'!$C$10>=S13)),"проходить","НИЖЧЕ мін. балу") | Z13: Тільки іспит зі спеціальності | AA13: Додаткова співбесіда для вступників з іншої спеціальності (вага 0) | AE13: https://vstup.osvita.ua/r20/171/entrance.html | AF13: https://vstup.osvita.ua/y2026/r20/171/1652653/ | AM13: =IF(AJ13="","дані ще не вивантажені",IF('Бали кандидатів'!$B$7>=AJ13,"проходить","НЕ проходить за ЄВВ")) | AN13: =IF(AJ13="","дані ще не вивантажені",IF('Бали кандидатів'!$C$7>=AJ13,"проходить","НЕ проходить за ЄВВ"))
A14: F3 Комп'ютерні науки | B14: Український державний університет науки і технологій | C14: Дніпро | D14: Дніпропетровська | E14: ТАК | F14: Фіксована | G14: ні | I14: Комп'ютерні науки і технології | J14: Інформаційних технологій та механічної інженерії | K14: 6 | L14: 7 | M14: =IF(K14=0,"н/д",L14/K14) | N14: 25.08.2026 (застаріле) | O14: 0.6 | P14: 0 | Q14: 0 | R14: — | S14: — | T14: =0.2*'Бали кандидатів'!$B$6+0.2*'Бали кандидатів'!$B$7+O14*'Бали кандидатів'!$B$9+P14*'Бали кандидатів'!$B$10+Q14*'Бали кандидатів'!$B$11 | U14: =0.2*'Бали кандидатів'!$C$6+0.2*'Бали кандидатів'!$C$7+O14*'Бали кандидатів'!$C$9+P14*'Бали кандидатів'!$C$10+Q14*'Бали кандидатів'!$C$11 | V14: =IF('Бали кандидатів'!$B$14>=300,"OK","НЕ ДОПУЩЕНО") | W14: =IF('Бали кандидатів'!$C$14>=300,"OK","НЕ ДОПУЩЕНО") | X14: =IF(AND(OR(R14="—",'Бали кандидатів'!$B$9>=R14),OR(S14="—",'Бали кандидатів'!$B$10>=S14)),"проходить","НИЖЧЕ мін. балу") | Y14: =IF(AND(OR(R14="—",'Бали кандидатів'!$C$9>=R14),OR(S14="—",'Бали кандидатів'!$C$10>=S14)),"проходить","НИЖЧЕ мін. балу") | Z14: Тільки іспит зі спеціальності | AE14: https://vstup.osvita.ua/r5/6507/entrance.html | AF14: https://vstup.osvita.ua/y2026/r5/6507/1673562/ | AM14: =IF(AJ14="","дані ще не вивантажені",IF('Бали кандидатів'!$B$7>=AJ14,"проходить","НЕ проходить за ЄВВ")) | AN14: =IF(AJ14="","дані ще не вивантажені",IF('Бали кандидатів'!$C$7>=AJ14,"проходить","НЕ проходить за ЄВВ"))
A15: F3 Комп'ютерні науки | B15: Черкаський національний університет ім. Б. Хмельницького | C15: Черкаси | D15: Черкаська | E15: ТАК | F15: Фіксована | G15: ні | I15: Комп'ютерні науки | J15: Обчислювальної техніки, інтел. та управляючих систем | K15: 5 | L15: 6 | M15: =IF(K15=0,"н/д",L15/K15) | N15: 26.08.2026 | O15: 0.6 | P15: 0 | Q15: 0 | R15: — | S15: — | T15: =0.2*'Бали кандидатів'!$B$6+0.2*'Бали кандидатів'!$B$7+O15*'Бали кандидатів'!$B$9+P15*'Бали кандидатів'!$B$10+Q15*'Бали кандидатів'!$B$11 | U15: =0.2*'Бали кандидатів'!$C$6+0.2*'Бали кандидатів'!$C$7+O15*'Бали кандидатів'!$C$9+P15*'Бали кандидатів'!$C$10+Q15*'Бали кандидатів'!$C$11 | V15: =IF('Бали кандидатів'!$B$14>=300,"OK","НЕ ДОПУЩЕНО") | W15: =IF('Бали кандидатів'!$C$14>=300,"OK","НЕ ДОПУЩЕНО") | X15: =IF(AND(OR(R15="—",'Бали кандидатів'!$B$9>=R15),OR(S15="—",'Бали кандидатів'!$B$10>=S15)),"проходить","НИЖЧЕ мін. балу") | Y15: =IF(AND(OR(R15="—",'Бали кандидатів'!$C$9>=R15),OR(S15="—",'Бали кандидатів'!$C$10>=S15)),"проходить","НИЖЧЕ мін. балу") | Z15: Тільки іспит зі спеціальності | AA15: Додаткова співбесіда для вступників з іншої спеціальності (вага 0) | AE15: https://vstup.osvita.ua/r24/101/entrance.html | AF15: https://vstup.osvita.ua/y2026/r24/101/1653528/ | AM15: =IF(AJ15="","дані ще не вивантажені",IF('Бали кандидатів'!$B$7>=AJ15,"проходить","НЕ проходить за ЄВВ")) | AN15: =IF(AJ15="","дані ще не вивантажені",IF('Бали кандидатів'!$C$7>=AJ15,"проходить","НЕ проходить за ЄВВ"))
A16: F3 Комп'ютерні науки | B16: Одеський національний морський університет | C16: Одеса | D16: Одеська | E16: ТАК | F16: Фіксована | G16: ні | I16: Комп'ютерні науки | J16: Аспірантура | K16: 5 | L16: 6 | M16: =IF(K16=0,"н/д",L16/K16) | N16: 26.08.2026 | O16: 0.6 | P16: 0 | Q16: 0 | R16: 100 | S16: — | T16: =0.2*'Бали кандидатів'!$B$6+0.2*'Бали кандидатів'!$B$7+O16*'Бали кандидатів'!$B$9+P16*'Бали кандидатів'!$B$10+Q16*'Бали кандидатів'!$B$11 | U16: =0.2*'Бали кандидатів'!$C$6+0.2*'Бали кандидатів'!$C$7+O16*'Бали кандидатів'!$C$9+P16*'Бали кандидатів'!$C$10+Q16*'Бали кандидатів'!$C$11 | V16: =IF('Бали кандидатів'!$B$14>=300,"OK","НЕ ДОПУЩЕНО") | W16: =IF('Бали кандидатів'!$C$14>=300,"OK","НЕ ДОПУЩЕНО") | X16: =IF(AND(OR(R16="—",'Бали кандидатів'!$B$9>=R16),OR(S16="—",'Бали кандидатів'!$B$10>=S16)),"проходить","НИЖЧЕ мін. балу") | Y16: =IF(AND(OR(R16="—",'Бали кандидатів'!$C$9>=R16),OR(S16="—",'Бали кандидатів'!$C$10>=S16)),"проходить","НИЖЧЕ мін. балу") | Z16: Тільки іспит зі спеціальності | AE16: https://vstup.osvita.ua/r16/220/entrance.html | AF16: https://vstup.osvita.ua/y2026/r16/220/1647741/ | AM16: =IF(AJ16="","дані ще не вивантажені",IF('Бали кандидатів'!$B$7>=AJ16,"проходить","НЕ проходить за ЄВВ")) | AN16: =IF(AJ16="","дані ще не вивантажені",IF('Бали кандидатів'!$C$7>=AJ16,"проходить","НЕ проходить за ЄВВ"))
A17: F2 Інженерія ПЗ | B17: Черкаський національний університет ім. Б. Хмельницького | C17: Черкаси | D17: Черкаська | E17: ТАК | F17: Фіксована | G17: ні | I17: Інженерія програмного забезпечення | J17: Обчислювальної техніки, інтел. та управляючих систем | K17: 5 | L17: 6 | M17: =IF(K17=0,"н/д",L17/K17) | N17: 26.08.2026 | O17: 0.6 | P17: 0 | Q17: 0 | R17: — | S17: — | T17: =0.2*'Бали кандидатів'!$B$6+0.2*'Бали кандидатів'!$B$7+O17*'Бали кандидатів'!$B$9+P17*'Бали кандидатів'!$B$10+Q17*'Бали кандидатів'!$B$11 | U17: =0.2*'Бали кандидатів'!$C$6+0.2*'Бали кандидатів'!$C$7+O17*'Бали кандидатів'!$C$9+P17*'Бали кандидатів'!$C$10+Q17*'Бали кандидатів'!$C$11 | V17: =IF('Бали кандидатів'!$B$14>=300,"OK","НЕ ДОПУЩЕНО") | W17: =IF('Бали кандидатів'!$C$14>=300,"OK","НЕ ДОПУЩЕНО") | X17: =IF(AND(OR(R17="—",'Бали кандидатів'!$B$9>=R17),OR(S17="—",'Бали кандидатів'!$B$10>=S17)),"проходить","НИЖЧЕ мін. балу") | Y17: =IF(AND(OR(R17="—",'Бали кандидатів'!$C$9>=R17),OR(S17="—",'Бали кандидатів'!$C$10>=S17)),"проходить","НИЖЧЕ мін. балу") | Z17: Тільки іспит зі спеціальності | AA17: Додаткова співбесіда для вступників з іншої спеціальності (вага 0) | AE17: https://vstup.osvita.ua/r24/101/entrance.html | AF17: https://vstup.osvita.ua/y2026/r24/101/1653544/ | AM17: =IF(AJ17="","дані ще не вивантажені",IF('Бали кандидатів'!$B$7>=AJ17,"проходить","НЕ проходить за ЄВВ")) | AN17: =IF(AJ17="","дані ще не вивантажені",IF('Бали кандидатів'!$C$7>=AJ17,"проходить","НЕ проходить за ЄВВ"))
A18: F3 Комп'ютерні науки | B18: Херсонський національний технічний університет | C18: Херсон | D18: Херсонська | E18: ТАК | F18: Фіксована | G18: ТАК | H18: ПЕРЕМІЩЕНИЙ (2022). УВАГА: у ЄДЕБО регіон Херсонська обл., але за іншими джерелами фактично працює у Хмельницькому — уточнити у ЗВО | I18: Комп'ютерні науки | J18: Інформаційних технологій та дизайну | K18: 14 | L18: 17 | M18: =IF(K18=0,"н/д",L18/K18) | N18: 25.08.2026 (застаріле) | O18: 0.4 | P18: 0.2 | Q18: 0 | R18: — | S18: 100 | T18: =0.2*'Бали кандидатів'!$B$6+0.2*'Бали кандидатів'!$B$7+O18*'Бали кандидатів'!$B$9+P18*'Бали кандидатів'!$B$10+Q18*'Бали кандидатів'!$B$11 | U18: =0.2*'Бали кандидатів'!$C$6+0.2*'Бали кандидатів'!$C$7+O18*'Бали кандидатів'!$C$9+P18*'Бали кандидатів'!$C$10+Q18*'Бали кандидатів'!$C$11 | V18: =IF('Бали кандидатів'!$B$14>=300,"OK","НЕ ДОПУЩЕНО") | W18: =IF('Бали кандидатів'!$C$14>=300,"OK","НЕ ДОПУЩЕНО") | X18: =IF(AND(OR(R18="—",'Бали кандидатів'!$B$9>=R18),OR(S18="—",'Бали кандидатів'!$B$10>=S18)),"проходить","НИЖЧЕ мін. балу") | Y18: =IF(AND(OR(R18="—",'Бали кандидатів'!$C$9>=R18),OR(S18="—",'Бали кандидатів'!$C$10>=S18)),"проходить","НИЖЧЕ мін. балу") | Z18: Іспит + дослідницька пропозиція | AA18: Плюс додаткова співбесіда зі спеціальності (вага 0) | AE18: https://vstup.osvita.ua/r22/86/entrance.html | AF18: https://vstup.osvita.ua/y2026/r22/86/1648125/ | AM18: =IF(AJ18="","дані ще не вивантажені",IF('Бали кандидатів'!$B$7>=AJ18,"проходить","НЕ проходить за ЄВВ")) | AN18: =IF(AJ18="","дані ще не вивантажені",IF('Бали кандидатів'!$C$7>=AJ18,"проходить","НЕ проходить за ЄВВ"))
A19: F3 Комп'ютерні науки | B19: Інститут проблем математичних машин і систем НАНУ | C19: Київ | D19: Київ | E19: ТАК | F19: Фіксована | G19: ні | I19: Комп'ютерні науки | K19: 6 | L19: 8 | M19: =IF(K19=0,"н/д",L19/K19) | N19: 25.08.2026 (застаріле) | O19: 0.6 | P19: 0 | Q19: 0 | R19: — | S19: — | T19: =0.2*'Бали кандидатів'!$B$6+0.2*'Бали кандидатів'!$B$7+O19*'Бали кандидатів'!$B$9+P19*'Бали кандидатів'!$B$10+Q19*'Бали кандидатів'!$B$11 | U19: =0.2*'Бали кандидатів'!$C$6+0.2*'Бали кандидатів'!$C$7+O19*'Бали кандидатів'!$C$9+P19*'Бали кандидатів'!$C$10+Q19*'Бали кандидатів'!$C$11 | V19: =IF('Бали кандидатів'!$B$14>=300,"OK","НЕ ДОПУЩЕНО") | W19: =IF('Бали кандидатів'!$C$14>=300,"OK","НЕ ДОПУЩЕНО") | X19: =IF(AND(OR(R19="—",'Бали кандидатів'!$B$9>=R19),OR(S19="—",'Бали кандидатів'!$B$10>=S19)),"проходить","НИЖЧЕ мін. балу") | Y19: =IF(AND(OR(R19="—",'Бали кандидатів'!$C$9>=R19),OR(S19="—",'Бали кандидатів'!$C$10>=S19)),"проходить","НИЖЧЕ мін. балу") | Z19: Тільки іспит зі спеціальності | AE19: https://vstup.osvita.ua/r27/3582/entrance.html | AF19: https://vstup.osvita.ua/y2026/r27/3582/1649593/ | AM19: =IF(AJ19="","дані ще не вивантажені",IF('Бали кандидатів'!$B$7>=AJ19,"проходить","НЕ проходить за ЄВВ")) | AN19: =IF(AJ19="","дані ще не вивантажені",IF('Бали кандидатів'!$C$7>=AJ19,"проходить","НЕ проходить за ЄВВ"))
A20: F3 Комп'ютерні науки | B20: Ужгородський національний університет | C20: Ужгород | D20: Закарпатська | E20: ТАК | F20: Фіксована | G20: ні | I20: Комп'ютерні науки | J20: Факультет інформаційних технологій | K20: 5 | L20: 7 | M20: =IF(K20=0,"н/д",L20/K20) | N20: 26.08.2026 | O20: 0.4 | P20: 0.2 | Q20: 0 | R20: 100 | S20: 100 | T20: =0.2*'Бали кандидатів'!$B$6+0.2*'Бали кандидатів'!$B$7+O20*'Бали кандидатів'!$B$9+P20*'Бали кандидатів'!$B$10+Q20*'Бали кандидатів'!$B$11 | U20: =0.2*'Бали кандидатів'!$C$6+0.2*'Бали кандидатів'!$C$7+O20*'Бали кандидатів'!$C$9+P20*'Бали кандидатів'!$C$10+Q20*'Бали кандидатів'!$C$11 | V20: =IF('Бали кандидатів'!$B$14>=300,"OK","НЕ ДОПУЩЕНО") | W20: =IF('Бали кандидатів'!$C$14>=300,"OK","НЕ ДОПУЩЕНО") | X20: =IF(AND(OR(R20="—",'Бали кандидатів'!$B$9>=R20),OR(S20="—",'Бали кандидатів'!$B$10>=S20)),"проходить","НИЖЧЕ мін. балу") | Y20: =IF(AND(OR(R20="—",'Бали кандидатів'!$C$9>=R20),OR(S20="—",'Бали кандидатів'!$C$10>=S20)),"проходить","НИЖЧЕ мін. балу") | Z20: Іспит + дослідницька пропозиція | AE20: https://vstup.osvita.ua/r8/207/entrance.html | AF20: https://vstup.osvita.ua/y2026/r8/207/1643044/ | AM20: =IF(AJ20="","дані ще не вивантажені",IF('Бали кандидатів'!$B$7>=AJ20,"проходить","НЕ проходить за ЄВВ")) | AN20: =IF(AJ20="","дані ще не вивантажені",IF('Бали кандидатів'!$C$7>=AJ20,"проходить","НЕ проходить за ЄВВ"))
A21: F3 Комп'ютерні науки | B21: Одеський національний університет ім. І. І. Мечникова | C21: Одеса | D21: Одеська | E21: ТАК | F21: Фіксована | G21: ні | I21: Комп'ютерні науки | J21: Відділ аспірантури та докторантури | K21: 15 | L21: 22 | M21: =IF(K21=0,"н/д",L21/K21) | N21: 26.08.2026 | O21: 0.6 | P21: 0 | Q21: 0 | R21: 100 | S21: — | T21: =0.2*'Бали кандидатів'!$B$6+0.2*'Бали кандидатів'!$B$7+O21*'Бали кандидатів'!$B$9+P21*'Бали кандидатів'!$B$10+Q21*'Бали кандидатів'!$B$11 | U21: =0.2*'Бали кандидатів'!$C$6+0.2*'Бали кандидатів'!$C$7+O21*'Бали кандидатів'!$C$9+P21*'Бали кандидатів'!$C$10+Q21*'Бали кандидатів'!$C$11 | V21: =IF('Бали кандидатів'!$B$14>=300,"OK","НЕ ДОПУЩЕНО") | W21: =IF('Бали кандидатів'!$C$14>=300,"OK","НЕ ДОПУЩЕНО") | X21: =IF(AND(OR(R21="—",'Бали кандидатів'!$B$9>=R21),OR(S21="—",'Бали кандидатів'!$B$10>=S21)),"проходить","НИЖЧЕ мін. балу") | Y21: =IF(AND(OR(R21="—",'Бали кандидатів'!$C$9>=R21),OR(S21="—",'Бали кандидатів'!$C$10>=S21)),"проходить","НИЖЧЕ мін. балу") | Z21: Тільки іспит зі спеціальності | AE21: https://vstup.osvita.ua/r16/28/entrance.html | AF21: https://vstup.osvita.ua/y2026/r16/28/1648414/ | AM21: =IF(AJ21="","дані ще не вивантажені",IF('Бали кандидатів'!$B$7>=AJ21,"проходить","НЕ проходить за ЄВВ")) | AN21: =IF(AJ21="","дані ще не вивантажені",IF('Бали кандидатів'!$C$7>=AJ21,"проходить","НЕ проходить за ЄВВ"))
A22: F4 Системний аналіз | B22: НУ «Одеська політехніка» | C22: Одеса | D22: Одеська | E22: ТАК | F22: Фіксована | G22: ні | I22: Системний аналіз та наука про дані | J22: Відділ аспірантури і докторантури | K22: 4 | L22: 6 | M22: =IF(K22=0,"н/д",L22/K22) | N22: 26.08.2026 | O22: ? | P22: ? | Q22: ? | R22: ? | S22: ? | T22: ваги невідомі | U22: ваги невідомі | V22: =IF('Бали кандидатів'!$B$14>=300,"OK","НЕ ДОПУЩЕНО") | W22: =IF('Бали кандидатів'!$C$14>=300,"OK","НЕ ДОПУЩЕНО") | X22: — | Y22: — | Z22: ваги не зчитані — уточнити на сторінці пропозиції | AA22: Складові конкурсного бала у вихідних даних відсутні — відкрити «Детальніше» на сторінці ЗВО | AE22: https://vstup.osvita.ua/r16/5754/entrance.html | AF22: https://vstup.osvita.ua/r16/5754/ | AM22: =IF(AJ22="","дані ще не вивантажені",IF('Бали кандидатів'!$B$7>=AJ22,"проходить","НЕ проходить за ЄВВ")) | AN22: =IF(AJ22="","дані ще не вивантажені",IF('Бали кандидатів'!$C$7>=AJ22,"проходить","НЕ проходить за ЄВВ"))
A23: F2 Інженерія ПЗ | B23: Черкаський державний технологічний університет | C23: Черкаси | D23: Черкаська | E23: ТАК | F23: Фіксована | G23: ні | I23: Інженерія програмного забезпечення | J23: Інформаційних технологій і систем | K23: 5 | L23: 8 | M23: =IF(K23=0,"н/д",L23/K23) | N23: 26.08.2026 | O23: 0.6 | P23: 0 | Q23: 0 | R23: — | S23: — | T23: =0.2*'Бали кандидатів'!$B$6+0.2*'Бали кандидатів'!$B$7+O23*'Бали кандидатів'!$B$9+P23*'Бали кандидатів'!$B$10+Q23*'Бали кандидатів'!$B$11 | U23: =0.2*'Бали кандидатів'!$C$6+0.2*'Бали кандидатів'!$C$7+O23*'Бали кандидатів'!$C$9+P23*'Бали кандидатів'!$C$10+Q23*'Бали кандидатів'!$C$11 | V23: =IF('Бали кандидатів'!$B$14>=300,"OK","НЕ ДОПУЩЕНО") | W23: =IF('Бали кандидатів'!$C$14>=300,"OK","НЕ ДОПУЩЕНО") | X23: =IF(AND(OR(R23="—",'Бали кандидатів'!$B$9>=R23),OR(S23="—",'Бали кандидатів'!$B$10>=S23)),"проходить","НИЖЧЕ мін. балу") | Y23: =IF(AND(OR(R23="—",'Бали кандидатів'!$C$9>=R23),OR(S23="—",'Бали кандидатів'!$C$10>=S23)),"проходить","НИЖЧЕ мін. балу") | Z23: Тільки іспит зі спеціальності | AE23: https://vstup.osvita.ua/r24/248/entrance.html | AF23: https://vstup.osvita.ua/y2026/r24/248/1648421/ | AM23: =IF(AJ23="","дані ще не вивантажені",IF('Бали кандидатів'!$B$7>=AJ23,"проходить","НЕ проходить за ЄВВ")) | AN23: =IF(AJ23="","дані ще не вивантажені",IF('Бали кандидатів'!$C$7>=AJ23,"проходить","НЕ проходить за ЄВВ"))
A24: F2 Інженерія ПЗ | B24: Тернопільський національний технічний університет ім. І. Пулюя | C24: Тернопіль | D24: Тернопільська | E24: ТАК | F24: Фіксована | G24: ні | I24: Інженерія програмного забезпечення | K24: 8 | L24: 13 | M24: =IF(K24=0,"н/д",L24/K24) | N24: 26.08.2026 | O24: 0.6 | P24: 0 | Q24: 0 | R24: 100 | S24: — | T24: =0.2*'Бали кандидатів'!$B$6+0.2*'Бали кандидатів'!$B$7+O24*'Бали кандидатів'!$B$9+P24*'Бали кандидатів'!$B$10+Q24*'Бали кандидатів'!$B$11 | U24: =0.2*'Бали кандидатів'!$C$6+0.2*'Бали кандидатів'!$C$7+O24*'Бали кандидатів'!$C$9+P24*'Бали кандидатів'!$C$10+Q24*'Бали кандидатів'!$C$11 | V24: =IF('Бали кандидатів'!$B$14>=300,"OK","НЕ ДОПУЩЕНО") | W24: =IF('Бали кандидатів'!$C$14>=300,"OK","НЕ ДОПУЩЕНО") | X24: =IF(AND(OR(R24="—",'Бали кандидатів'!$B$9>=R24),OR(S24="—",'Бали кандидатів'!$B$10>=S24)),"проходить","НИЖЧЕ мін. балу") | Y24: =IF(AND(OR(R24="—",'Бали кандидатів'!$C$9>=R24),OR(S24="—",'Бали кандидатів'!$C$10>=S24)),"проходить","НИЖЧЕ мін. балу") | Z24: Тільки іспит зі спеціальності | AE24: https://vstup.osvita.ua/r20/166/entrance.html | AF24: https://vstup.osvita.ua/y2026/r20/166/1644708/ | AM24: =IF(AJ24="","дані ще не вивантажені",IF('Бали кандидатів'!$B$7>=AJ24,"проходить","НЕ проходить за ЄВВ")) | AN24: =IF(AJ24="","дані ще не вивантажені",IF('Бали кандидатів'!$C$7>=AJ24,"проходить","НЕ проходить за ЄВВ"))
A25: F3 Комп'ютерні науки | B25: Західноукраїнський національний університет | C25: Тернопіль | D25: Тернопільська | E25: ТАК | F25: Фіксована | G25: ні | I25: Комп'ютерні науки | J25: Комп'ютерних інформаційних технологій | K25: 11 | L25: 18 | M25: =IF(K25=0,"н/д",L25/K25) | N25: 26.08.2026 | O25: 0.6 | P25: 0 | Q25: 0 | R25: — | S25: — | T25: =0.2*'Бали кандидатів'!$B$6+0.2*'Бали кандидатів'!$B$7+O25*'Бали кандидатів'!$B$9+P25*'Бали кандидатів'!$B$10+Q25*'Бали кандидатів'!$B$11 | U25: =0.2*'Бали кандидатів'!$C$6+0.2*'Бали кандидатів'!$C$7+O25*'Бали кандидатів'!$C$9+P25*'Бали кандидатів'!$C$10+Q25*'Бали кандидатів'!$C$11 | V25: =IF('Бали кандидатів'!$B$14>=300,"OK","НЕ ДОПУЩЕНО") | W25: =IF('Бали кандидатів'!$C$14>=300,"OK","НЕ ДОПУЩЕНО") | X25: =IF(AND(OR(R25="—",'Бали кандидатів'!$B$9>=R25),OR(S25="—",'Бали кандидатів'!$B$10>=S25)),"проходить","НИЖЧЕ мін. балу") | Y25: =IF(AND(OR(R25="—",'Бали кандидатів'!$C$9>=R25),OR(S25="—",'Бали кандидатів'!$C$10>=S25)),"проходить","НИЖЧЕ мін. балу") | Z25: Тільки іспит зі спеціальності | AA25: Додаткова співбесіда для вступників з іншої спеціальності (вага 0) | AE25: https://vstup.osvita.ua/r20/171/entrance.html | AF25: https://vstup.osvita.ua/y2026/r20/171/1652658/ | AM25: =IF(AJ25="","дані ще не вивантажені",IF('Бали кандидатів'!$B$7>=AJ25,"проходить","НЕ проходить за ЄВВ")) | AN25: =IF(AJ25="","дані ще не вивантажені",IF('Бали кандидатів'!$C$7>=AJ25,"проходить","НЕ проходить за ЄВВ"))
A26: F3 Комп'ютерні науки | B26: Харківський авіаційний інститут (ХАІ) | C26: Харків | D26: Харківська | E26: ТАК | F26: Фіксована | G26: ні | I26: Інформаційні технології | J26: Радіоелектроніки, комп. систем та інфокомунікацій | K26: 3 | L26: 5 | M26: =IF(K26=0,"н/д",L26/K26) | N26: 26.08.2026 | O26: 0.6 | P26: 0 | Q26: 0 | R26: — | S26: — | T26: =0.2*'Бали кандидатів'!$B$6+0.2*'Бали кандидатів'!$B$7+O26*'Бали кандидатів'!$B$9+P26*'Бали кандидатів'!$B$10+Q26*'Бали кандидатів'!$B$11 | U26: =0.2*'Бали кандидатів'!$C$6+0.2*'Бали кандидатів'!$C$7+O26*'Бали кандидатів'!$C$9+P26*'Бали кандидатів'!$C$10+Q26*'Бали кандидатів'!$C$11 | V26: =IF('Бали кандидатів'!$B$14>=300,"OK","НЕ ДОПУЩЕНО") | W26: =IF('Бали кандидатів'!$C$14>=300,"OK","НЕ ДОПУЩЕНО") | X26: =IF(AND(OR(R26="—",'Бали кандидатів'!$B$9>=R26),OR(S26="—",'Бали кандидатів'!$B$10>=S26)),"проходить","НИЖЧЕ мін. балу") | Y26: =IF(AND(OR(R26="—",'Бали кандидатів'!$C$9>=R26),OR(S26="—",'Бали кандидатів'!$C$10>=S26)),"проходить","НИЖЧЕ мін. балу") | Z26: Тільки іспит зі спеціальності | AE26: https://vstup.osvita.ua/r21/34/entrance.html | AF26: https://vstup.osvita.ua/y2026/r21/34/1644836/ | AM26: =IF(AJ26="","дані ще не вивантажені",IF('Бали кандидатів'!$B$7>=AJ26,"проходить","НЕ проходить за ЄВВ")) | AN26: =IF(AJ26="","дані ще не вивантажені",IF('Бали кандидатів'!$C$7>=AJ26,"проходить","НЕ проходить за ЄВВ"))
A27: F3 Комп'ютерні науки | B27: Харківський національний економічний університет ім. С. Кузнеця | C27: Харків | D27: Харківська | E27: ТАК | F27: Фіксована | G27: ні | I27: Комп'ютерні науки | J27: Відділ аспірантури і докторантури | K27: 13 | L27: 22 | M27: =IF(K27=0,"н/д",L27/K27) | N27: 26.08.2026 | O27: 0.6 | P27: 0 | Q27: 0 | R27: 100 | S27: — | T27: =0.2*'Бали кандидатів'!$B$6+0.2*'Бали кандидатів'!$B$7+O27*'Бали кандидатів'!$B$9+P27*'Бали кандидатів'!$B$10+Q27*'Бали кандидатів'!$B$11 | U27: =0.2*'Бали кандидатів'!$C$6+0.2*'Бали кандидатів'!$C$7+O27*'Бали кандидатів'!$C$9+P27*'Бали кандидатів'!$C$10+Q27*'Бали кандидатів'!$C$11 | V27: =IF('Бали кандидатів'!$B$14>=300,"OK","НЕ ДОПУЩЕНО") | W27: =IF('Бали кандидатів'!$C$14>=300,"OK","НЕ ДОПУЩЕНО") | X27: =IF(AND(OR(R27="—",'Бали кандидатів'!$B$9>=R27),OR(S27="—",'Бали кандидатів'!$B$10>=S27)),"проходить","НИЖЧЕ мін. балу") | Y27: =IF(AND(OR(R27="—",'Бали кандидатів'!$C$9>=R27),OR(S27="—",'Бали кандидатів'!$C$10>=S27)),"проходить","НИЖЧЕ мін. балу") | Z27: Тільки іспит зі спеціальності | AE27: https://vstup.osvita.ua/r21/227/entrance.html | AF27: https://vstup.osvita.ua/y2026/r21/227/1649303/ | AM27: =IF(AJ27="","дані ще не вивантажені",IF('Бали кандидатів'!$B$7>=AJ27,"проходить","НЕ проходить за ЄВВ")) | AN27: =IF(AJ27="","дані ще не вивантажені",IF('Бали кандидатів'!$C$7>=AJ27,"проходить","НЕ проходить за ЄВВ"))
A28: F3 Комп'ютерні науки | B28: Національний університет водного господарства та природокористування | C28: Рівне | D28: Рівненська | E28: ТАК | F28: Фіксована | G28: ні | I28: Комп'ютерні науки | K28: 10 | L28: 17 | M28: =IF(K28=0,"н/д",L28/K28) | N28: 26.08.2026 | O28: 0.6 | P28: 0 | Q28: 0 | R28: — | S28: — | T28: =0.2*'Бали кандидатів'!$B$6+0.2*'Бали кандидатів'!$B$7+O28*'Бали кандидатів'!$B$9+P28*'Бали кандидатів'!$B$10+Q28*'Бали кандидатів'!$B$11 | U28: =0.2*'Бали кандидатів'!$C$6+0.2*'Бали кандидатів'!$C$7+O28*'Бали кандидатів'!$C$9+P28*'Бали кандидатів'!$C$10+Q28*'Бали кандидатів'!$C$11 | V28: =IF('Бали кандидатів'!$B$14>=300,"OK","НЕ ДОПУЩЕНО") | W28: =IF('Бали кандидатів'!$C$14>=300,"OK","НЕ ДОПУЩЕНО") | X28: =IF(AND(OR(R28="—",'Бали кандидатів'!$B$9>=R28),OR(S28="—",'Бали кандидатів'!$B$10>=S28)),"проходить","НИЖЧЕ мін. балу") | Y28: =IF(AND(OR(R28="—",'Бали кандидатів'!$C$9>=R28),OR(S28="—",'Бали кандидатів'!$C$10>=S28)),"проходить","НИЖЧЕ мін. балу") | Z28: Тільки іспит зі спеціальності | AE28: https://vstup.osvita.ua/r18/9/entrance.html | AF28: https://vstup.osvita.ua/y2026/r18/9/1650315/ | AM28: =IF(AJ28="","дані ще не вивантажені",IF('Бали кандидатів'!$B$7>=AJ28,"проходить","НЕ проходить за ЄВВ")) | AN28: =IF(AJ28="","дані ще не вивантажені",IF('Бали кандидатів'!$C$7>=AJ28,"проходить","НЕ проходить за ЄВВ"))
A29: F4 Системний аналіз | B29: Київський національний університет ім. Т. Шевченка | C29: Київ | D29: Київ | E29: ТАК | F29: Фіксована | G29: ні | I29: Системний аналіз | J29: Комп'ютерних наук та кібернетики | K29: 7 | L29: 12 | M29: =IF(K29=0,"н/д",L29/K29) | N29: 26.08.2026 | O29: ? | P29: ? | Q29: ? | R29: ? | S29: ? | T29: ваги невідомі | U29: ваги невідомі | V29: =IF('Бали кандидатів'!$B$14>=300,"OK","НЕ ДОПУЩЕНО") | W29: =IF('Бали кандидатів'!$C$14>=300,"OK","НЕ ДОПУЩЕНО") | X29: — | Y29: — | Z29: ваги не зчитані — уточнити на сторінці пропозиції | AA29: Складові конкурсного бала у вихідних даних відсутні — відкрити «Детальніше» на сторінці ЗВО | AE29: https://vstup.osvita.ua/r27/41/entrance.html | AF29: https://vstup.osvita.ua/r27/41/ | AM29: =IF(AJ29="","дані ще не вивантажені",IF('Бали кандидатів'!$B$7>=AJ29,"проходить","НЕ проходить за ЄВВ")) | AN29: =IF(AJ29="","дані ще не вивантажені",IF('Бали кандидатів'!$C$7>=AJ29,"проходить","НЕ проходить за ЄВВ"))
A30: F3 Комп'ютерні науки | B30: Житомирський державний університет ім. І. Франка | C30: Житомир | D30: Житомирська | E30: ТАК | F30: Фіксована | G30: ні | I30: Комп'ютерні науки | J30: Фізико-математичний | K30: 4 | L30: 7 | M30: =IF(K30=0,"н/д",L30/K30) | N30: 26.08.2026 | O30: 0.4 | P30: 0 | Q30: 0.2 | R30: 100 | S30: — | T30: =0.2*'Бали кандидатів'!$B$6+0.2*'Бали кандидатів'!$B$7+O30*'Бали кандидатів'!$B$9+P30*'Бали кандидатів'!$B$10+Q30*'Бали кандидатів'!$B$11 | U30: =0.2*'Бали кандидатів'!$C$6+0.2*'Бали кандидатів'!$C$7+O30*'Бали кандидатів'!$C$9+P30*'Бали кандидатів'!$C$10+Q30*'Бали кандидатів'!$C$11 | V30: =IF('Бали кандидатів'!$B$14>=300,"OK","НЕ ДОПУЩЕНО") | W30: =IF('Бали кандидатів'!$C$14>=300,"OK","НЕ ДОПУЩЕНО") | X30: =IF(AND(OR(R30="—",'Бали кандидатів'!$B$9>=R30),OR(S30="—",'Бали кандидатів'!$B$10>=S30)),"проходить","НИЖЧЕ мін. балу") | Y30: =IF(AND(OR(R30="—",'Бали кандидатів'!$C$9>=R30),OR(S30="—",'Бали кандидатів'!$C$10>=S30)),"проходить","НИЖЧЕ мін. балу") | Z30: Тільки іспит зі спеціальності | AA30: Окремий іспит з ФІЛОСОФІЇ, вага 0.20, мін. бал 100 | AE30: https://vstup.osvita.ua/r7/109/entrance.html | AF30: https://vstup.osvita.ua/y2026/r7/109/1645952/ | AM30: =IF(AJ30="","дані ще не вивантажені",IF('Бали кандидатів'!$B$7>=AJ30,"проходить","НЕ проходить за ЄВВ")) | AN30: =IF(AJ30="","дані ще не вивантажені",IF('Бали кандидатів'!$C$7>=AJ30,"проходить","НЕ проходить за ЄВВ"))
A31: F3 Комп'ютерні науки | B31: Український державний університет науки і технологій | C31: Дніпро | D31: Дніпропетровська | E31: ТАК | F31: Фіксована | G31: ні | I31: Комп'ютерні науки і технології | J31: Комп'ютерні технології і системи | K31: 8 | L31: 14 | M31: =IF(K31=0,"н/д",L31/K31) | N31: 25.08.2026 (застаріле) | O31: 0.6 | P31: 0 | Q31: 0 | R31: — | S31: — | T31: =0.2*'Бали кандидатів'!$B$6+0.2*'Бали кандидатів'!$B$7+O31*'Бали кандидатів'!$B$9+P31*'Бали кандидатів'!$B$10+Q31*'Бали кандидатів'!$B$11 | U31: =0.2*'Бали кандидатів'!$C$6+0.2*'Бали кандидатів'!$C$7+O31*'Бали кандидатів'!$C$9+P31*'Бали кандидатів'!$C$10+Q31*'Бали кандидатів'!$C$11 | V31: =IF('Бали кандидатів'!$B$14>=300,"OK","НЕ ДОПУЩЕНО") | W31: =IF('Бали кандидатів'!$C$14>=300,"OK","НЕ ДОПУЩЕНО") | X31: =IF(AND(OR(R31="—",'Бали кандидатів'!$B$9>=R31),OR(S31="—",'Бали кандидатів'!$B$10>=S31)),"проходить","НИЖЧЕ мін. балу") | Y31: =IF(AND(OR(R31="—",'Бали кандидатів'!$C$9>=R31),OR(S31="—",'Бали кандидатів'!$C$10>=S31)),"проходить","НИЖЧЕ мін. балу") | Z31: Тільки іспит зі спеціальності | AE31: https://vstup.osvita.ua/r5/6507/entrance.html | AF31: https://vstup.osvita.ua/y2026/r5/6507/1651949/ | AM31: =IF(AJ31="","дані ще не вивантажені",IF('Бали кандидатів'!$B$7>=AJ31,"проходить","НЕ проходить за ЄВВ")) | AN31: =IF(AJ31="","дані ще не вивантажені",IF('Бали кандидатів'!$C$7>=AJ31,"проходить","НЕ проходить за ЄВВ"))
A32: F2 Інженерія ПЗ | B32: Харківський національний університет радіоелектроніки (ХНУРЕ) | C32: Харків | D32: Харківська | E32: ТАК | F32: Фіксована | G32: ні | I32: Інженерія програмного забезпечення | K32: 25 | L32: 45 | M32: =IF(K32=0,"н/д",L32/K32) | N32: 26.08.2026 | O32: 0.6 | P32: 0 | Q32: 0 | R32: 100 | S32: — | T32: =0.2*'Бали кандидатів'!$B$6+0.2*'Бали кандидатів'!$B$7+O32*'Бали кандидатів'!$B$9+P32*'Бали кандидатів'!$B$10+Q32*'Бали кандидатів'!$B$11 | U32: =0.2*'Бали кандидатів'!$C$6+0.2*'Бали кандидатів'!$C$7+O32*'Бали кандидатів'!$C$9+P32*'Бали кандидатів'!$C$10+Q32*'Бали кандидатів'!$C$11 | V32: =IF('Бали кандидатів'!$B$14>=300,"OK","НЕ ДОПУЩЕНО") | W32: =IF('Бали кандидатів'!$C$14>=300,"OK","НЕ ДОПУЩЕНО") | X32: =IF(AND(OR(R32="—",'Бали кандидатів'!$B$9>=R32),OR(S32="—",'Бали кандидатів'!$B$10>=S32)),"проходить","НИЖЧЕ мін. балу") | Y32: =IF(AND(OR(R32="—",'Бали кандидатів'!$C$9>=R32),OR(S32="—",'Бали кандидатів'!$C$10>=S32)),"проходить","НИЖЧЕ мін. балу") | Z32: Тільки іспит зі спеціальності | AE32: https://vstup.osvita.ua/r21/92/entrance.html | AF32: https://vstup.osvita.ua/y2026/r21/92/1653762/ | AM32: =IF(AJ32="","дані ще не вивантажені",IF('Бали кандидатів'!$B$7>=AJ32,"проходить","НЕ проходить за ЄВВ")) | AN32: =IF(AJ32="","дані ще не вивантажені",IF('Бали кандидатів'!$C$7>=AJ32,"проходить","НЕ проходить за ЄВВ"))
A33: F3 Комп'ютерні науки | B33: Харківський НУ міського господарства ім. О. М. Бекетова | C33: Харків | D33: Харківська | E33: ТАК | F33: Фіксована | G33: ні | I33: Комп'ютерні науки | J33: ННІ підготовки кадрів вищої кваліфікації | K33: 6 | L33: 11 | M33: =IF(K33=0,"н/д",L33/K33) | N33: 26.08.2026 | O33: 0.4 | P33: 0.2 | Q33: 0 | R33: — | S33: — | T33: =0.2*'Бали кандидатів'!$B$6+0.2*'Бали кандидатів'!$B$7+O33*'Бали кандидатів'!$B$9+P33*'Бали кандидатів'!$B$10+Q33*'Бали кандидатів'!$B$11 | U33: =0.2*'Бали кандидатів'!$C$6+0.2*'Бали кандидатів'!$C$7+O33*'Бали кандидатів'!$C$9+P33*'Бали кандидатів'!$C$10+Q33*'Бали кандидатів'!$C$11 | V33: =IF('Бали кандидатів'!$B$14>=300,"OK","НЕ ДОПУЩЕНО") | W33: =IF('Бали кандидатів'!$C$14>=300,"OK","НЕ ДОПУЩЕНО") | X33: =IF(AND(OR(R33="—",'Бали кандидатів'!$B$9>=R33),OR(S33="—",'Бали кандидатів'!$B$10>=S33)),"проходить","НИЖЧЕ мін. балу") | Y33: =IF(AND(OR(R33="—",'Бали кандидатів'!$C$9>=R33),OR(S33="—",'Бали кандидатів'!$C$10>=S33)),"проходить","НИЖЧЕ мін. балу") | Z33: Іспит + дослідницька пропозиція | AE33: https://vstup.osvita.ua/r21/316/entrance.html | AF33: https://vstup.osvita.ua/y2026/r21/316/1649777/ | AM33: =IF(AJ33="","дані ще не вивантажені",IF('Бали кандидатів'!$B$7>=AJ33,"проходить","НЕ проходить за ЄВВ")) | AN33: =IF(AJ33="","дані ще не вивантажені",IF('Бали кандидатів'!$C$7>=AJ33,"проходить","НЕ проходить за ЄВВ"))
A34: F4 Системний аналіз | B34: КПІ ім. Ігоря Сікорського | C34: Київ | D34: Київ | E34: ТАК | F34: Фіксована | G34: ні | I34: Системний аналіз | J34: ННІ прикладного системного аналізу | K34: 13 | L34: 24 | M34: =IF(K34=0,"н/д",L34/K34) | N34: 26.08.2026 | O34: ? | P34: ? | Q34: ? | R34: ? | S34: ? | T34: ваги невідомі | U34: ваги невідомі | V34: =IF('Бали кандидатів'!$B$14>=300,"OK","НЕ ДОПУЩЕНО") | W34: =IF('Бали кандидатів'!$C$14>=300,"OK","НЕ ДОПУЩЕНО") | X34: — | Y34: — | Z34: ваги не зчитані — уточнити на сторінці пропозиції | AA34: Складові конкурсного бала у вихідних даних відсутні — відкрити «Детальніше» на сторінці ЗВО | AE34: https://vstup.osvita.ua/r27/174/entrance.html | AF34: https://vstup.osvita.ua/r27/174/ | AM34: =IF(AJ34="","дані ще не вивантажені",IF('Бали кандидатів'!$B$7>=AJ34,"проходить","НЕ проходить за ЄВВ")) | AN34: =IF(AJ34="","дані ще не вивантажені",IF('Бали кандидатів'!$C$7>=AJ34,"проходить","НЕ проходить за ЄВВ"))
A35: F3 Комп'ютерні науки | B35: Український державний університет науки і технологій | C35: Дніпро | D35: Дніпропетровська | E35: ТАК | F35: Фіксована | G35: ні | I35: Комп'ютерні науки і технології | K35: 7 | L35: 13 | M35: =IF(K35=0,"н/д",L35/K35) | N35: 25.08.2026 (застаріле) | O35: 0.6 | P35: 0 | Q35: 0 | R35: — | S35: — | T35: =0.2*'Бали кандидатів'!$B$6+0.2*'Бали кандидатів'!$B$7+O35*'Бали кандидатів'!$B$9+P35*'Бали кандидатів'!$B$10+Q35*'Бали кандидатів'!$B$11 | U35: =0.2*'Бали кандидатів'!$C$6+0.2*'Бали кандидатів'!$C$7+O35*'Бали кандидатів'!$C$9+P35*'Бали кандидатів'!$C$10+Q35*'Бали кандидатів'!$C$11 | V35: =IF('Бали кандидатів'!$B$14>=300,"OK","НЕ ДОПУЩЕНО") | W35: =IF('Бали кандидатів'!$C$14>=300,"OK","НЕ ДОПУЩЕНО") | X35: =IF(AND(OR(R35="—",'Бали кандидатів'!$B$9>=R35),OR(S35="—",'Бали кандидатів'!$B$10>=S35)),"проходить","НИЖЧЕ мін. балу") | Y35: =IF(AND(OR(R35="—",'Бали кандидатів'!$C$9>=R35),OR(S35="—",'Бали кандидатів'!$C$10>=S35)),"проходить","НИЖЧЕ мін. балу") | Z35: Тільки іспит зі спеціальності | AE35: https://vstup.osvita.ua/r5/6507/entrance.html | AF35: https://vstup.osvita.ua/y2026/r5/6507/1653142/ | AM35: =IF(AJ35="","дані ще не вивантажені",IF('Бали кандидатів'!$B$7>=AJ35,"проходить","НЕ проходить за ЄВВ")) | AN35: =IF(AJ35="","дані ще не вивантажені",IF('Бали кандидатів'!$C$7>=AJ35,"проходить","НЕ проходить за ЄВВ"))
A36: F3 Комп'ютерні науки | B36: Державний університет «Житомирська політехніка» | C36: Житомир | D36: Житомирська | E36: ТАК | F36: Фіксована | G36: ні | I36: Комп'ютерні науки | J36: Інформаційно-комп'ютерних технологій | K36: 5 | L36: 10 | M36: =IF(K36=0,"н/д",L36/K36) | N36: 26.08.2026 | O36: 0.6 | P36: 0 | Q36: 0 | R36: 100 | S36: — | T36: =0.2*'Бали кандидатів'!$B$6+0.2*'Бали кандидатів'!$B$7+O36*'Бали кандидатів'!$B$9+P36*'Бали кандидатів'!$B$10+Q36*'Бали кандидатів'!$B$11 | U36: =0.2*'Бали кандидатів'!$C$6+0.2*'Бали кандидатів'!$C$7+O36*'Бали кандидатів'!$C$9+P36*'Бали кандидатів'!$C$10+Q36*'Бали кандидатів'!$C$11 | V36: =IF('Бали кандидатів'!$B$14>=300,"OK","НЕ ДОПУЩЕНО") | W36: =IF('Бали кандидатів'!$C$14>=300,"OK","НЕ ДОПУЩЕНО") | X36: =IF(AND(OR(R36="—",'Бали кандидатів'!$B$9>=R36),OR(S36="—",'Бали кандидатів'!$B$10>=S36)),"проходить","НИЖЧЕ мін. балу") | Y36: =IF(AND(OR(R36="—",'Бали кандидатів'!$C$9>=R36),OR(S36="—",'Бали кандидатів'!$C$10>=S36)),"проходить","НИЖЧЕ мін. балу") | Z36: Тільки іспит зі спеціальності | AA36: Додаткова співбесіда для вступників з іншої спеціальності (вага 0) | AE36: https://vstup.osvita.ua/r7/208/entrance.html | AF36: https://vstup.osvita.ua/y2026/r7/208/1653169/ | AM36: =IF(AJ36="","дані ще не вивантажені",IF('Бали кандидатів'!$B$7>=AJ36,"проходить","НЕ проходить за ЄВВ")) | AN36: =IF(AJ36="","дані ще не вивантажені",IF('Бали кандидатів'!$C$7>=AJ36,"проходить","НЕ проходить за ЄВВ"))
A37: F3 Комп'ютерні науки | B37: Інститут телекомунікацій і глобального інформаційного простору НАНУ | C37: Київ | D37: Київ | E37: ТАК | F37: Фіксована | G37: ні | I37: Інформаційні технології | K37: 4 | L37: 8 | M37: =IF(K37=0,"н/д",L37/K37) | N37: 26.08.2026 | O37: 0.6 | P37: 0 | Q37: 0 | R37: — | S37: — | T37: =0.2*'Бали кандидатів'!$B$6+0.2*'Бали кандидатів'!$B$7+O37*'Бали кандидатів'!$B$9+P37*'Бали кандидатів'!$B$10+Q37*'Бали кандидатів'!$B$11 | U37: =0.2*'Бали кандидатів'!$C$6+0.2*'Бали кандидатів'!$C$7+O37*'Бали кандидатів'!$C$9+P37*'Бали кандидатів'!$C$10+Q37*'Бали кандидатів'!$C$11 | V37: =IF('Бали кандидатів'!$B$14>=300,"OK","НЕ ДОПУЩЕНО") | W37: =IF('Бали кандидатів'!$C$14>=300,"OK","НЕ ДОПУЩЕНО") | X37: =IF(AND(OR(R37="—",'Бали кандидатів'!$B$9>=R37),OR(S37="—",'Бали кандидатів'!$B$10>=S37)),"проходить","НИЖЧЕ мін. балу") | Y37: =IF(AND(OR(R37="—",'Бали кандидатів'!$C$9>=R37),OR(S37="—",'Бали кандидатів'!$C$10>=S37)),"проходить","НИЖЧЕ мін. балу") | Z37: Тільки іспит зі спеціальності | AE37: https://vstup.osvita.ua/r27/3626/entrance.html | AF37: https://vstup.osvita.ua/y2026/r27/3626/1667883/ | AM37: =IF(AJ37="","дані ще не вивантажені",IF('Бали кандидатів'!$B$7>=AJ37,"проходить","НЕ проходить за ЄВВ")) | AN37: =IF(AJ37="","дані ще не вивантажені",IF('Бали кандидатів'!$C$7>=AJ37,"проходить","НЕ проходить за ЄВВ"))
A38: F3 Комп'ютерні науки | B38: Інститут інформаційних технологій та систем НАНУ | C38: Київ | D38: Київ | E38: ТАК | F38: Фіксована | G38: ні | I38: Інтелектуальні методи та засоби комп'ютерних наук | K38: 6 | L38: 12 | M38: =IF(K38=0,"н/д",L38/K38) | N38: 26.08.2026 | O38: 0.3 | P38: 0.3 | Q38: 0 | R38: 150 | S38: 120 | T38: =0.2*'Бали кандидатів'!$B$6+0.2*'Бали кандидатів'!$B$7+O38*'Бали кандидатів'!$B$9+P38*'Бали кандидатів'!$B$10+Q38*'Бали кандидатів'!$B$11 | U38: =0.2*'Бали кандидатів'!$C$6+0.2*'Бали кандидатів'!$C$7+O38*'Бали кандидатів'!$C$9+P38*'Бали кандидатів'!$C$10+Q38*'Бали кандидатів'!$C$11 | V38: =IF('Бали кандидатів'!$B$14>=300,"OK","НЕ ДОПУЩЕНО") | W38: =IF('Бали кандидатів'!$C$14>=300,"OK","НЕ ДОПУЩЕНО") | X38: =IF(AND(OR(R38="—",'Бали кандидатів'!$B$9>=R38),OR(S38="—",'Бали кандидатів'!$B$10>=S38)),"проходить","НИЖЧЕ мін. балу") | Y38: =IF(AND(OR(R38="—",'Бали кандидатів'!$C$9>=R38),OR(S38="—",'Бали кандидатів'!$C$10>=S38)),"проходить","НИЖЧЕ мін. балу") | Z38: Дослідницька пропозиція важить більше або нарівні з іспитом | AA38: Презентація оформлена як співбесіда: оцінювання дослідницької пропозиції ТА досвіду роботи; ЄВІ-іноземна і ТЗНК з мін. балом 150 | AE38: https://vstup.osvita.ua/r27/3746/entrance.html | AF38: https://vstup.osvita.ua/y2026/r27/3746/1650228/ | AM38: =IF(AJ38="","дані ще не вивантажені",IF('Бали кандидатів'!$B$7>=AJ38,"проходить","НЕ проходить за ЄВВ")) | AN38: =IF(AJ38="","дані ще не вивантажені",IF('Бали кандидатів'!$C$7>=AJ38,"проходить","НЕ проходить за ЄВВ"))
A39: F2 Інженерія ПЗ | B39: Державний університет «Житомирська політехніка» | C39: Житомир | D39: Житомирська | E39: ТАК | F39: Фіксована | G39: ні | I39: Інженерія програмного забезпечення | J39: Інформаційно-комп'ютерних технологій | K39: 5 | L39: 10 | M39: =IF(K39=0,"н/д",L39/K39) | N39: 26.08.2026 | O39: 0.6 | P39: 0 | Q39: 0 | R39: 100 | S39: — | T39: =0.2*'Бали кандидатів'!$B$6+0.2*'Бали кандидатів'!$B$7+O39*'Бали кандидатів'!$B$9+P39*'Бали кандидатів'!$B$10+Q39*'Бали кандидатів'!$B$11 | U39: =0.2*'Бали кандидатів'!$C$6+0.2*'Бали кандидатів'!$C$7+O39*'Бали кандидатів'!$C$9+P39*'Бали кандидатів'!$C$10+Q39*'Бали кандидатів'!$C$11 | V39: =IF('Бали кандидатів'!$B$14>=300,"OK","НЕ ДОПУЩЕНО") | W39: =IF('Бали кандидатів'!$C$14>=300,"OK","НЕ ДОПУЩЕНО") | X39: =IF(AND(OR(R39="—",'Бали кандидатів'!$B$9>=R39),OR(S39="—",'Бали кандидатів'!$B$10>=S39)),"проходить","НИЖЧЕ мін. балу") | Y39: =IF(AND(OR(R39="—",'Бали кандидатів'!$C$9>=R39),OR(S39="—",'Бали кандидатів'!$C$10>=S39)),"проходить","НИЖЧЕ мін. балу") | Z39: Тільки іспит зі спеціальності | AA39: Додаткова співбесіда для вступників з іншої спеціальності (вага 0) | AE39: https://vstup.osvita.ua/r7/208/entrance.html | AF39: https://vstup.osvita.ua/y2026/r7/208/1653165/ | AM39: =IF(AJ39="","дані ще не вивантажені",IF('Бали кандидатів'!$B$7>=AJ39,"проходить","НЕ проходить за ЄВВ")) | AN39: =IF(AJ39="","дані ще не вивантажені",IF('Бали кандидатів'!$C$7>=AJ39,"проходить","НЕ проходить за ЄВВ"))
A40: F4 Системний аналіз | B40: НТУ «Дніпровська політехніка» | C40: Дніпро | D40: Дніпропетровська | E40: ТАК | F40: Фіксована | G40: ні | I40: Системний аналіз | J40: Аспірантура і докторантура | K40: 3 | L40: 6 | M40: =IF(K40=0,"н/д",L40/K40) | N40: 26.08.2026 | O40: ? | P40: ? | Q40: ? | R40: ? | S40: ? | T40: ваги невідомі | U40: ваги невідомі | V40: =IF('Бали кандидатів'!$B$14>=300,"OK","НЕ ДОПУЩЕНО") | W40: =IF('Бали кандидатів'!$C$14>=300,"OK","НЕ ДОПУЩЕНО") | X40: — | Y40: — | Z40: ваги не зчитані — уточнити на сторінці пропозиції | AA40: Складові конкурсного бала у вихідних даних відсутні — відкрити «Детальніше» на сторінці ЗВО | AE40: https://vstup.osvita.ua/r5/36/entrance.html | AF40: https://vstup.osvita.ua/r5/36/ | AM40: =IF(AJ40="","дані ще не вивантажені",IF('Бали кандидатів'!$B$7>=AJ40,"проходить","НЕ проходить за ЄВВ")) | AN40: =IF(AJ40="","дані ще не вивантажені",IF('Бали кандидатів'!$C$7>=AJ40,"проходить","НЕ проходить за ЄВВ"))
A41: F2 Інженерія ПЗ | B41: Київський національний університет ім. Т. Шевченка | C41: Київ | D41: Київ | E41: ТАК | F41: Фіксована | G41: ні | I41: Математичне та програмне забезпечення автоматизованих і вбудованих систем | J41: Факультет інформаційних технологій | K41: 7 | L41: 15 | M41: =IF(K41=0,"н/д",L41/K41) | N41: 26.08.2026 | O41: 0.6 | P41: 0 | Q41: 0 | R41: 100 | S41: — | T41: =0.2*'Бали кандидатів'!$B$6+0.2*'Бали кандидатів'!$B$7+O41*'Бали кандидатів'!$B$9+P41*'Бали кандидатів'!$B$10+Q41*'Бали кандидатів'!$B$11 | U41: =0.2*'Бали кандидатів'!$C$6+0.2*'Бали кандидатів'!$C$7+O41*'Бали кандидатів'!$C$9+P41*'Бали кандидатів'!$C$10+Q41*'Бали кандидатів'!$C$11 | V41: =IF('Бали кандидатів'!$B$14>=300,"OK","НЕ ДОПУЩЕНО") | W41: =IF('Бали кандидатів'!$C$14>=300,"OK","НЕ ДОПУЩЕНО") | X41: =IF(AND(OR(R41="—",'Бали кандидатів'!$B$9>=R41),OR(S41="—",'Бали кандидатів'!$B$10>=S41)),"проходить","НИЖЧЕ мін. балу") | Y41: =IF(AND(OR(R41="—",'Бали кандидатів'!$C$9>=R41),OR(S41="—",'Бали кандидатів'!$C$10>=S41)),"проходить","НИЖЧЕ мін. балу") | Z41: Тільки іспит зі спеціальності | AE41: https://vstup.osvita.ua/r27/41/entrance.html | AF41: https://vstup.osvita.ua/y2026/r27/41/1649270/ | AM41: =IF(AJ41="","дані ще не вивантажені",IF('Бали кандидатів'!$B$7>=AJ41,"проходить","НЕ проходить за ЄВВ")) | AN41: =IF(AJ41="","дані ще не вивантажені",IF('Бали кандидатів'!$C$7>=AJ41,"проходить","НЕ проходить за ЄВВ"))
A42: F3 Комп'ютерні науки | B42: Український державний університет науки і технологій | C42: Дніпро | D42: Дніпропетровська | E42: ТАК | F42: Фіксована | G42: ні | I42: Комп'ютерні науки і технології | J42: Прикладних комп'ютерних технологій | K42: 6 | L42: 13 | M42: =IF(K42=0,"н/д",L42/K42) | N42: 25.08.2026 (застаріле) | O42: 0.6 | P42: 0 | Q42: 0 | R42: — | S42: — | T42: =0.2*'Бали кандидатів'!$B$6+0.2*'Бали кандидатів'!$B$7+O42*'Бали кандидатів'!$B$9+P42*'Бали кандидатів'!$B$10+Q42*'Бали кандидатів'!$B$11 | U42: =0.2*'Бали кандидатів'!$C$6+0.2*'Бали кандидатів'!$C$7+O42*'Бали кандидатів'!$C$9+P42*'Бали кандидатів'!$C$10+Q42*'Бали кандидатів'!$C$11 | V42: =IF('Бали кандидатів'!$B$14>=300,"OK","НЕ ДОПУЩЕНО") | W42: =IF('Бали кандидатів'!$C$14>=300,"OK","НЕ ДОПУЩЕНО") | X42: =IF(AND(OR(R42="—",'Бали кандидатів'!$B$9>=R42),OR(S42="—",'Бали кандидатів'!$B$10>=S42)),"проходить","НИЖЧЕ мін. балу") | Y42: =IF(AND(OR(R42="—",'Бали кандидатів'!$C$9>=R42),OR(S42="—",'Бали кандидатів'!$C$10>=S42)),"проходить","НИЖЧЕ мін. балу") | Z42: Тільки іспит зі спеціальності | AE42: https://vstup.osvita.ua/r5/6507/entrance.html | AF42: https://vstup.osvita.ua/y2026/r5/6507/1652408/ | AM42: =IF(AJ42="","дані ще не вивантажені",IF('Бали кандидатів'!$B$7>=AJ42,"проходить","НЕ проходить за ЄВВ")) | AN42: =IF(AJ42="","дані ще не вивантажені",IF('Бали кандидатів'!$C$7>=AJ42,"проходить","НЕ проходить за ЄВВ"))
A43: F3 Комп'ютерні науки | B43: Східноукраїнський національний університет ім. В. Даля | C43: Київ (переміщений) | D43: Київ | E43: ТАК | F43: Фіксована | G43: ТАК | H43: ПЕРЕМІЩЕНИЙ — з Луганська/Сєвєродонецька; у ЄДЕБО зареєстрований у Києві | I43: Комп'ютерні науки | J43: Інформаційних технологій та електроніки | K43: 5 | L43: 11 | M43: =IF(K43=0,"н/д",L43/K43) | N43: 26.08.2026 | O43: 0.5 | P43: 0.1 | Q43: 0 | R43: 100 | S43: 100 | T43: =0.2*'Бали кандидатів'!$B$6+0.2*'Бали кандидатів'!$B$7+O43*'Бали кандидатів'!$B$9+P43*'Бали кандидатів'!$B$10+Q43*'Бали кандидатів'!$B$11 | U43: =0.2*'Бали кандидатів'!$C$6+0.2*'Бали кандидатів'!$C$7+O43*'Бали кандидатів'!$C$9+P43*'Бали кандидатів'!$C$10+Q43*'Бали кандидатів'!$C$11 | V43: =IF('Бали кандидатів'!$B$14>=300,"OK","НЕ ДОПУЩЕНО") | W43: =IF('Бали кандидатів'!$C$14>=300,"OK","НЕ ДОПУЩЕНО") | X43: =IF(AND(OR(R43="—",'Бали кандидатів'!$B$9>=R43),OR(S43="—",'Бали кандидатів'!$B$10>=S43)),"проходить","НИЖЧЕ мін. балу") | Y43: =IF(AND(OR(R43="—",'Бали кандидатів'!$C$9>=R43),OR(S43="—",'Бали кандидатів'!$C$10>=S43)),"проходить","НИЖЧЕ мін. балу") | Z43: Іспит + дослідницька пропозиція | AE43: https://vstup.osvita.ua/r27/21/entrance.html | AF43: https://vstup.osvita.ua/y2026/r27/21/1654471/ | AM43: =IF(AJ43="","дані ще не вивантажені",IF('Бали кандидатів'!$B$7>=AJ43,"проходить","НЕ проходить за ЄВВ")) | AN43: =IF(AJ43="","дані ще не вивантажені",IF('Бали кандидатів'!$C$7>=AJ43,"проходить","НЕ проходить за ЄВВ"))
A44: F3 Комп'ютерні науки | B44: Інститут кібернетики ім. В. М. Глушкова НАНУ | C44: Київ | D44: Київ | E44: ТАК | F44: Фіксована | G44: ні | I44: Комп'ютерні науки | K44: 4 | L44: 9 | M44: =IF(K44=0,"н/д",L44/K44) | N44: 26.08.2026 | O44: 0.6 | P44: 0 | Q44: 0 | R44: — | S44: — | T44: =0.2*'Бали кандидатів'!$B$6+0.2*'Бали кандидатів'!$B$7+O44*'Бали кандидатів'!$B$9+P44*'Бали кандидатів'!$B$10+Q44*'Бали кандидатів'!$B$11 | U44: =0.2*'Бали кандидатів'!$C$6+0.2*'Бали кандидатів'!$C$7+O44*'Бали кандидатів'!$C$9+P44*'Бали кандидатів'!$C$10+Q44*'Бали кандидатів'!$C$11 | V44: =IF('Бали кандидатів'!$B$14>=300,"OK","НЕ ДОПУЩЕНО") | W44: =IF('Бали кандидатів'!$C$14>=300,"OK","НЕ ДОПУЩЕНО") | X44: =IF(AND(OR(R44="—",'Бали кандидатів'!$B$9>=R44),OR(S44="—",'Бали кандидатів'!$B$10>=S44)),"проходить","НИЖЧЕ мін. балу") | Y44: =IF(AND(OR(R44="—",'Бали кандидатів'!$C$9>=R44),OR(S44="—",'Бали кандидатів'!$C$10>=S44)),"проходить","НИЖЧЕ мін. балу") | Z44: Тільки іспит зі спеціальності | AA44: Презентація передбачена, але з вагою 0 — на бал не впливає | AE44: https://vstup.osvita.ua/r27/3610/entrance.html | AF44: https://vstup.osvita.ua/y2026/r27/3610/1649398/ | AM44: =IF(AJ44="","дані ще не вивантажені",IF('Бали кандидатів'!$B$7>=AJ44,"проходить","НЕ проходить за ЄВВ")) | AN44: =IF(AJ44="","дані ще не вивантажені",IF('Бали кандидатів'!$C$7>=AJ44,"проходить","НЕ проходить за ЄВВ"))
A45: F3 Комп'ютерні науки | B45: Інститут програмних систем НАНУ | C45: Київ | D45: Київ | E45: ТАК | F45: Фіксована | G45: ні | I45: Комп'ютерні науки | K45: 4 | L45: 9 | M45: =IF(K45=0,"н/д",L45/K45) | N45: 26.08.2026 | O45: 0.3 | P45: 0.3 | Q45: 0 | R45: 100 | S45: 100 | T45: =0.2*'Бали кандидатів'!$B$6+0.2*'Бали кандидатів'!$B$7+O45*'Бали кандидатів'!$B$9+P45*'Бали кандидатів'!$B$10+Q45*'Бали кандидатів'!$B$11 | U45: =0.2*'Бали кандидатів'!$C$6+0.2*'Бали кандидатів'!$C$7+O45*'Бали кандидатів'!$C$9+P45*'Бали кандидатів'!$C$10+Q45*'Бали кандидатів'!$C$11 | V45: =IF('Бали кандидатів'!$B$14>=300,"OK","НЕ ДОПУЩЕНО") | W45: =IF('Бали кандидатів'!$C$14>=300,"OK","НЕ ДОПУЩЕНО") | X45: =IF(AND(OR(R45="—",'Бали кандидатів'!$B$9>=R45),OR(S45="—",'Бали кандидатів'!$B$10>=S45)),"проходить","НИЖЧЕ мін. балу") | Y45: =IF(AND(OR(R45="—",'Бали кандидатів'!$C$9>=R45),OR(S45="—",'Бали кандидатів'!$C$10>=S45)),"проходить","НИЖЧЕ мін. балу") | Z45: Дослідницька пропозиція важить більше або нарівні з іспитом | AA45: Плюс додаткова співбесіда зі спеціальності (вага 0) | AE45: https://vstup.osvita.ua/r27/3615/entrance.html | AF45: https://vstup.osvita.ua/y2026/r27/3615/1649827/ | AM45: =IF(AJ45="","дані ще не вивантажені",IF('Бали кандидатів'!$B$7>=AJ45,"проходить","НЕ проходить за ЄВВ")) | AN45: =IF(AJ45="","дані ще не вивантажені",IF('Бали кандидатів'!$C$7>=AJ45,"проходить","НЕ проходить за ЄВВ"))
A46: F3 Комп'ютерні науки | B46: Тернопільський національний технічний університет ім. І. Пулюя | C46: Тернопіль | D46: Тернопільська | E46: ТАК | F46: Фіксована | G46: ні | I46: Комп'ютерні науки | K46: 8 | L46: 18 | M46: =IF(K46=0,"н/д",L46/K46) | N46: 26.08.2026 | O46: 0.6 | P46: 0 | Q46: 0 | R46: 100 | S46: — | T46: =0.2*'Бали кандидатів'!$B$6+0.2*'Бали кандидатів'!$B$7+O46*'Бали кандидатів'!$B$9+P46*'Бали кандидатів'!$B$10+Q46*'Бали кандидатів'!$B$11 | U46: =0.2*'Бали кандидатів'!$C$6+0.2*'Бали кандидатів'!$C$7+O46*'Бали кандидатів'!$C$9+P46*'Бали кандидатів'!$C$10+Q46*'Бали кандидатів'!$C$11 | V46: =IF('Бали кандидатів'!$B$14>=300,"OK","НЕ ДОПУЩЕНО") | W46: =IF('Бали кандидатів'!$C$14>=300,"OK","НЕ ДОПУЩЕНО") | X46: =IF(AND(OR(R46="—",'Бали кандидатів'!$B$9>=R46),OR(S46="—",'Бали кандидатів'!$B$10>=S46)),"проходить","НИЖЧЕ мін. балу") | Y46: =IF(AND(OR(R46="—",'Бали кандидатів'!$C$9>=R46),OR(S46="—",'Бали кандидатів'!$C$10>=S46)),"проходить","НИЖЧЕ мін. балу") | Z46: Тільки іспит зі спеціальності | AE46: https://vstup.osvita.ua/r20/166/entrance.html | AF46: https://vstup.osvita.ua/y2026/r20/166/1644710/ | AM46: =IF(AJ46="","дані ще не вивантажені",IF('Бали кандидатів'!$B$7>=AJ46,"проходить","НЕ проходить за ЄВВ")) | AN46: =IF(AJ46="","дані ще не вивантажені",IF('Бали кандидатів'!$C$7>=AJ46,"проходить","НЕ проходить за ЄВВ"))
A47: F3 Комп'ютерні науки | B47: НТУ «Харківський політехнічний інститут» | C47: Харків | D47: Харківська | E47: ТАК | F47: Фіксована | G47: ні | I47: Комп'ютерні науки | K47: 26 | L47: 59 | M47: =IF(K47=0,"н/д",L47/K47) | N47: 25.08.2026 (застаріле) | O47: 0.6 | P47: 0 | Q47: 0 | R47: — | S47: — | T47: =0.2*'Бали кандидатів'!$B$6+0.2*'Бали кандидатів'!$B$7+O47*'Бали кандидатів'!$B$9+P47*'Бали кандидатів'!$B$10+Q47*'Бали кандидатів'!$B$11 | U47: =0.2*'Бали кандидатів'!$C$6+0.2*'Бали кандидатів'!$C$7+O47*'Бали кандидатів'!$C$9+P47*'Бали кандидатів'!$C$10+Q47*'Бали кандидатів'!$C$11 | V47: =IF('Бали кандидатів'!$B$14>=300,"OK","НЕ ДОПУЩЕНО") | W47: =IF('Бали кандидатів'!$C$14>=300,"OK","НЕ ДОПУЩЕНО") | X47: =IF(AND(OR(R47="—",'Бали кандидатів'!$B$9>=R47),OR(S47="—",'Бали кандидатів'!$B$10>=S47)),"проходить","НИЖЧЕ мін. балу") | Y47: =IF(AND(OR(R47="—",'Бали кандидатів'!$C$9>=R47),OR(S47="—",'Бали кандидатів'!$C$10>=S47)),"проходить","НИЖЧЕ мін. балу") | Z47: Тільки іспит зі спеціальності | AE47: https://vstup.osvita.ua/r21/104/entrance.html | AF47: https://vstup.osvita.ua/y2026/r21/104/1649693/ | AM47: =IF(AJ47="","дані ще не вивантажені",IF('Бали кандидатів'!$B$7>=AJ47,"проходить","НЕ проходить за ЄВВ")) | AN47: =IF(AJ47="","дані ще не вивантажені",IF('Бали кандидатів'!$C$7>=AJ47,"проходить","НЕ проходить за ЄВВ"))
A48: F3 Комп'ютерні науки | B48: Харківський авіаційний інститут (ХАІ) | C48: Харків | D48: Харківська | E48: ТАК | F48: Фіксована | G48: ні | I48: Інформаційні технології | J48: Інтелектуальних систем управління | K48: 7 | L48: 16 | M48: =IF(K48=0,"н/д",L48/K48) | N48: 26.08.2026 | O48: 0.6 | P48: 0 | Q48: 0 | R48: — | S48: — | T48: =0.2*'Бали кандидатів'!$B$6+0.2*'Бали кандидатів'!$B$7+O48*'Бали кандидатів'!$B$9+P48*'Бали кандидатів'!$B$10+Q48*'Бали кандидатів'!$B$11 | U48: =0.2*'Бали кандидатів'!$C$6+0.2*'Бали кандидатів'!$C$7+O48*'Бали кандидатів'!$C$9+P48*'Бали кандидатів'!$C$10+Q48*'Бали кандидатів'!$C$11 | V48: =IF('Бали кандидатів'!$B$14>=300,"OK","НЕ ДОПУЩЕНО") | W48: =IF('Бали кандидатів'!$C$14>=300,"OK","НЕ ДОПУЩЕНО") | X48: =IF(AND(OR(R48="—",'Бали кандидатів'!$B$9>=R48),OR(S48="—",'Бали кандидатів'!$B$10>=S48)),"проходить","НИЖЧЕ мін. балу") | Y48: =IF(AND(OR(R48="—",'Бали кандидатів'!$C$9>=R48),OR(S48="—",'Бали кандидатів'!$C$10>=S48)),"проходить","НИЖЧЕ мін. балу") | Z48: Тільки іспит зі спеціальності | AE48: https://vstup.osvita.ua/r21/34/entrance.html | AF48: https://vstup.osvita.ua/y2026/r21/34/1644837/ | AM48: =IF(AJ48="","дані ще не вивантажені",IF('Бали кандидатів'!$B$7>=AJ48,"проходить","НЕ проходить за ЄВВ")) | AN48: =IF(AJ48="","дані ще не вивантажені",IF('Бали кандидатів'!$C$7>=AJ48,"проходить","НЕ проходить за ЄВВ"))
A49: F3 Комп'ютерні науки | B49: Харківський авіаційний інститут (ХАІ) | C49: Харків | D49: Харківська | E49: ТАК | F49: Фіксована | G49: ні | I49: Інформаційні технології | J49: Літакобудування | K49: 10 | L49: 23 | M49: =IF(K49=0,"н/д",L49/K49) | N49: 26.08.2026 | O49: 0.6 | P49: 0 | Q49: 0 | R49: — | S49: — | T49: =0.2*'Бали кандидатів'!$B$6+0.2*'Бали кандидатів'!$B$7+O49*'Бали кандидатів'!$B$9+P49*'Бали кандидатів'!$B$10+Q49*'Бали кандидатів'!$B$11 | U49: =0.2*'Бали кандидатів'!$C$6+0.2*'Бали кандидатів'!$C$7+O49*'Бали кандидатів'!$C$9+P49*'Бали кандидатів'!$C$10+Q49*'Бали кандидатів'!$C$11 | V49: =IF('Бали кандидатів'!$B$14>=300,"OK","НЕ ДОПУЩЕНО") | W49: =IF('Бали кандидатів'!$C$14>=300,"OK","НЕ ДОПУЩЕНО") | X49: =IF(AND(OR(R49="—",'Бали кандидатів'!$B$9>=R49),OR(S49="—",'Бали кандидатів'!$B$10>=S49)),"проходить","НИЖЧЕ мін. балу") | Y49: =IF(AND(OR(R49="—",'Бали кандидатів'!$C$9>=R49),OR(S49="—",'Бали кандидатів'!$C$10>=S49)),"проходить","НИЖЧЕ мін. балу") | Z49: Тільки іспит зі спеціальності | AE49: https://vstup.osvita.ua/r21/34/entrance.html | AF49: https://vstup.osvita.ua/y2026/r21/34/1644838/ | AM49: =IF(AJ49="","дані ще не вивантажені",IF('Бали кандидатів'!$B$7>=AJ49,"проходить","НЕ проходить за ЄВВ")) | AN49: =IF(AJ49="","дані ще не вивантажені",IF('Бали кандидатів'!$C$7>=AJ49,"проходить","НЕ проходить за ЄВВ"))
A50: F2 Інженерія ПЗ | B50: Херсонський державний університет | C50: Івано-Франківськ (переміщений) | D50: Івано-Франківська | E50: ТАК | F50: Фіксована | G50: ТАК | H50: ПЕРЕМІЩЕНИЙ з Херсона; у ЄДЕБО зареєстрований в Івано-Франківській обл. | I50: Інженерія програмного забезпечення | J50: Цифрових технологій, природничих наук та математики | K50: 3 | L50: 7 | M50: =IF(K50=0,"н/д",L50/K50) | N50: 26.08.2026 | O50: 0.6 | P50: 0 | Q50: 0 | R50: 100 | S50: — | T50: =0.2*'Бали кандидатів'!$B$6+0.2*'Бали кандидатів'!$B$7+O50*'Бали кандидатів'!$B$9+P50*'Бали кандидатів'!$B$10+Q50*'Бали кандидатів'!$B$11 | U50: =0.2*'Бали кандидатів'!$C$6+0.2*'Бали кандидатів'!$C$7+O50*'Бали кандидатів'!$C$9+P50*'Бали кандидатів'!$C$10+Q50*'Бали кандидатів'!$C$11 | V50: =IF('Бали кандидатів'!$B$14>=300,"OK","НЕ ДОПУЩЕНО") | W50: =IF('Бали кандидатів'!$C$14>=300,"OK","НЕ ДОПУЩЕНО") | X50: =IF(AND(OR(R50="—",'Бали кандидатів'!$B$9>=R50),OR(S50="—",'Бали кандидатів'!$B$10>=S50)),"проходить","НИЖЧЕ мін. балу") | Y50: =IF(AND(OR(R50="—",'Бали кандидатів'!$C$9>=R50),OR(S50="—",'Бали кандидатів'!$C$10>=S50)),"проходить","НИЖЧЕ мін. балу") | Z50: Тільки іспит зі спеціальності | AA50: ПЕРЕМІЩЕНИЙ; додаткова співбесіда для вступників з іншої спеціальності (вага 0) | AE50: https://vstup.osvita.ua/r10/48/entrance.html | AF50: https://vstup.osvita.ua/y2026/r10/48/1648126/ | AM50: =IF(AJ50="","дані ще не вивантажені",IF('Бали кандидатів'!$B$7>=AJ50,"проходить","НЕ проходить за ЄВВ")) | AN50: =IF(AJ50="","дані ще не вивантажені",IF('Бали кандидатів'!$C$7>=AJ50,"проходить","НЕ проходить за ЄВВ"))
A51: F3 Комп'ютерні науки | B51: Харківський національний університет радіоелектроніки (ХНУРЕ) | C51: Харків | D51: Харківська | E51: ТАК | F51: Фіксована | G51: ні | I51: Комп'ютерні науки | K51: 25 | L51: 60 | M51: =IF(K51=0,"н/д",L51/K51) | N51: 26.08.2026 | O51: 0.6 | P51: 0 | Q51: 0 | R51: 100 | S51: — | T51: =0.2*'Бали кандидатів'!$B$6+0.2*'Бали кандидатів'!$B$7+O51*'Бали кандидатів'!$B$9+P51*'Бали кандидатів'!$B$10+Q51*'Бали кандидатів'!$B$11 | U51: =0.2*'Бали кандидатів'!$C$6+0.2*'Бали кандидатів'!$C$7+O51*'Бали кандидатів'!$C$9+P51*'Бали кандидатів'!$C$10+Q51*'Бали кандидатів'!$C$11 | V51: =IF('Бали кандидатів'!$B$14>=300,"OK","НЕ ДОПУЩЕНО") | W51: =IF('Бали кандидатів'!$C$14>=300,"OK","НЕ ДОПУЩЕНО") | X51: =IF(AND(OR(R51="—",'Бали кандидатів'!$B$9>=R51),OR(S51="—",'Бали кандидатів'!$B$10>=S51)),"проходить","НИЖЧЕ мін. балу") | Y51: =IF(AND(OR(R51="—",'Бали кандидатів'!$C$9>=R51),OR(S51="—",'Бали кандидатів'!$C$10>=S51)),"проходить","НИЖЧЕ мін. балу") | Z51: Тільки іспит зі спеціальності | AE51: https://vstup.osvita.ua/r21/92/entrance.html | AF51: https://vstup.osvita.ua/y2026/r21/92/1653785/ | AM51: =IF(AJ51="","дані ще не вивантажені",IF('Бали кандидатів'!$B$7>=AJ51,"проходить","НЕ проходить за ЄВВ")) | AN51: =IF(AJ51="","дані ще не вивантажені",IF('Бали кандидатів'!$C$7>=AJ51,"проходить","НЕ проходить за ЄВВ"))
A52: F3 Комп'ютерні науки | B52: Сумський державний університет | C52: Суми | D52: Сумська | E52: ТАК | F52: Фіксована | G52: ні | I52: Комп'ютерні науки | J52: Електроніки та інформаційних технологій | K52: 20 | L52: 49 | M52: =IF(K52=0,"н/д",L52/K52) | N52: 26.08.2026 | O52: 0.6 | P52: 0 | Q52: 0 | R52: 100 | S52: — | T52: =0.2*'Бали кандидатів'!$B$6+0.2*'Бали кандидатів'!$B$7+O52*'Бали кандидатів'!$B$9+P52*'Бали кандидатів'!$B$10+Q52*'Бали кандидатів'!$B$11 | U52: =0.2*'Бали кандидатів'!$C$6+0.2*'Бали кандидатів'!$C$7+O52*'Бали кандидатів'!$C$9+P52*'Бали кандидатів'!$C$10+Q52*'Бали кандидатів'!$C$11 | V52: =IF('Бали кандидатів'!$B$14>=300,"OK","НЕ ДОПУЩЕНО") | W52: =IF('Бали кандидатів'!$C$14>=300,"OK","НЕ ДОПУЩЕНО") | X52: =IF(AND(OR(R52="—",'Бали кандидатів'!$B$9>=R52),OR(S52="—",'Бали кандидатів'!$B$10>=S52)),"проходить","НИЖЧЕ мін. балу") | Y52: =IF(AND(OR(R52="—",'Бали кандидатів'!$C$9>=R52),OR(S52="—",'Бали кандидатів'!$C$10>=S52)),"проходить","НИЖЧЕ мін. балу") | Z52: Тільки іспит зі спеціальності | AE52: https://vstup.osvita.ua/r19/168/entrance.html | AF52: https://vstup.osvita.ua/y2026/r19/168/1608466/ | AM52: =IF(AJ52="","дані ще не вивантажені",IF('Бали кандидатів'!$B$7>=AJ52,"проходить","НЕ проходить за ЄВВ")) | AN52: =IF(AJ52="","дані ще не вивантажені",IF('Бали кандидатів'!$C$7>=AJ52,"проходить","НЕ проходить за ЄВВ"))
A53: F3 Комп'ютерні науки | B53: Національний транспортний університет | C53: Київ | D53: Київ | E53: ТАК | F53: Фіксована | G53: ні | I53: Комп'ютерні науки | K53: 6 | L53: 15 | M53: =IF(K53=0,"н/д",L53/K53) | N53: 26.08.2026 | O53: 0.6 | P53: 0 | Q53: 0 | R53: 100 | S53: — | T53: =0.2*'Бали кандидатів'!$B$6+0.2*'Бали кандидатів'!$B$7+O53*'Бали кандидатів'!$B$9+P53*'Бали кандидатів'!$B$10+Q53*'Бали кандидатів'!$B$11 | U53: =0.2*'Бали кандидатів'!$C$6+0.2*'Бали кандидатів'!$C$7+O53*'Бали кандидатів'!$C$9+P53*'Бали кандидатів'!$C$10+Q53*'Бали кандидатів'!$C$11 | V53: =IF('Бали кандидатів'!$B$14>=300,"OK","НЕ ДОПУЩЕНО") | W53: =IF('Бали кандидатів'!$C$14>=300,"OK","НЕ ДОПУЩЕНО") | X53: =IF(AND(OR(R53="—",'Бали кандидатів'!$B$9>=R53),OR(S53="—",'Бали кандидатів'!$B$10>=S53)),"проходить","НИЖЧЕ мін. балу") | Y53: =IF(AND(OR(R53="—",'Бали кандидатів'!$C$9>=R53),OR(S53="—",'Бали кандидатів'!$C$10>=S53)),"проходить","НИЖЧЕ мін. балу") | Z53: Тільки іспит зі спеціальності | AE53: https://vstup.osvita.ua/r27/24/entrance.html | AF53: https://vstup.osvita.ua/y2026/r27/24/1649949/ | AM53: =IF(AJ53="","дані ще не вивантажені",IF('Бали кандидатів'!$B$7>=AJ53,"проходить","НЕ проходить за ЄВВ")) | AN53: =IF(AJ53="","дані ще не вивантажені",IF('Бали кандидатів'!$C$7>=AJ53,"проходить","НЕ проходить за ЄВВ"))
A54: F3 Комп'ютерні науки | B54: Кременчуцький національний університет ім. М. Остроградського | C54: Кременчук | D54: Полтавська | E54: ТАК | F54: Фіксована | G54: ні | I54: Комп'ютерні науки | J54: Електричної інженерії та ІТ | K54: 2 | L54: 5 | M54: =IF(K54=0,"н/д",L54/K54) | N54: 26.08.2026 | O54: 0.3 | P54: 0.3 | Q54: 0 | R54: — | S54: — | T54: =0.2*'Бали кандидатів'!$B$6+0.2*'Бали кандидатів'!$B$7+O54*'Бали кандидатів'!$B$9+P54*'Бали кандидатів'!$B$10+Q54*'Бали кандидатів'!$B$11 | U54: =0.2*'Бали кандидатів'!$C$6+0.2*'Бали кандидатів'!$C$7+O54*'Бали кандидатів'!$C$9+P54*'Бали кандидатів'!$C$10+Q54*'Бали кандидатів'!$C$11 | V54: =IF('Бали кандидатів'!$B$14>=300,"OK","НЕ ДОПУЩЕНО") | W54: =IF('Бали кандидатів'!$C$14>=300,"OK","НЕ ДОПУЩЕНО") | X54: =IF(AND(OR(R54="—",'Бали кандидатів'!$B$9>=R54),OR(S54="—",'Бали кандидатів'!$B$10>=S54)),"проходить","НИЖЧЕ мін. балу") | Y54: =IF(AND(OR(R54="—",'Бали кандидатів'!$C$9>=R54),OR(S54="—",'Бали кандидатів'!$C$10>=S54)),"проходить","НИЖЧЕ мін. балу") | Z54: Дослідницька пропозиція важить більше або нарівні з іспитом | AE54: https://vstup.osvita.ua/r17/218/entrance.html | AF54: https://vstup.osvita.ua/y2026/r17/218/1653028/ | AM54: =IF(AJ54="","дані ще не вивантажені",IF('Бали кандидатів'!$B$7>=AJ54,"проходить","НЕ проходить за ЄВВ")) | AN54: =IF(AJ54="","дані ще не вивантажені",IF('Бали кандидатів'!$C$7>=AJ54,"проходить","НЕ проходить за ЄВВ"))
A55: F4 Системний аналіз | B55: Тернопільський національний технічний університет ім. І. Пулюя | C55: Тернопіль | D55: Тернопільська | E55: ТАК | F55: Фіксована | G55: ні | I55: Штучний інтелект і технології аналізу даних | K55: 2 | L55: 5 | M55: =IF(K55=0,"н/д",L55/K55) | N55: 26.08.2026 | O55: ? | P55: ? | Q55: ? | R55: ? | S55: ? | T55: ваги невідомі | U55: ваги невідомі | V55: =IF('Бали кандидатів'!$B$14>=300,"OK","НЕ ДОПУЩЕНО") | W55: =IF('Бали кандидатів'!$C$14>=300,"OK","НЕ ДОПУЩЕНО") | X55: — | Y55: — | Z55: ваги не зчитані — уточнити на сторінці пропозиції | AA55: Складові конкурсного бала у вихідних даних відсутні — відкрити «Детальніше» на сторінці ЗВО | AE55: https://vstup.osvita.ua/r20/166/entrance.html | AF55: https://vstup.osvita.ua/r20/166/ | AM55: =IF(AJ55="","дані ще не вивантажені",IF('Бали кандидатів'!$B$7>=AJ55,"проходить","НЕ проходить за ЄВВ")) | AN55: =IF(AJ55="","дані ще не вивантажені",IF('Бали кандидатів'!$C$7>=AJ55,"проходить","НЕ проходить за ЄВВ"))
A56: F3 Комп'ютерні науки | B56: НУ «Львівська політехніка» | C56: Львів | D56: Львівська | E56: ТАК | F56: Фіксована | G56: ні | I56: Комп'ютерні науки | J56: Інститут комп. наук та інформаційних технологій | K56: 43 | L56: 111 | M56: =IF(K56=0,"н/д",L56/K56) | N56: 26.08.2026 | O56: 0.6 | P56: 0 | Q56: 0 | R56: 110 | S56: — | T56: =0.2*'Бали кандидатів'!$B$6+0.2*'Бали кандидатів'!$B$7+O56*'Бали кандидатів'!$B$9+P56*'Бали кандидатів'!$B$10+Q56*'Бали кандидатів'!$B$11 | U56: =0.2*'Бали кандидатів'!$C$6+0.2*'Бали кандидатів'!$C$7+O56*'Бали кандидатів'!$C$9+P56*'Бали кандидатів'!$C$10+Q56*'Бали кандидатів'!$C$11 | V56: =IF('Бали кандидатів'!$B$14>=300,"OK","НЕ ДОПУЩЕНО") | W56: =IF('Бали кандидатів'!$C$14>=300,"OK","НЕ ДОПУЩЕНО") | X56: =IF(AND(OR(R56="—",'Бали кандидатів'!$B$9>=R56),OR(S56="—",'Бали кандидатів'!$B$10>=S56)),"проходить","НИЖЧЕ мін. балу") | Y56: =IF(AND(OR(R56="—",'Бали кандидатів'!$C$9>=R56),OR(S56="—",'Бали кандидатів'!$C$10>=S56)),"проходить","НИЖЧЕ мін. балу") | Z56: Тільки іспит зі спеціальності | AB56: 09.09.2026 | AC56: 14:30 | AD56: I навчальний корпус, вул. Старосольських 2/4, Львів (ІКНІ) | AE56: https://vstup.osvita.ua/r14/97/entrance.html | AF56: https://vstup.osvita.ua/y2026/r14/97/1645691/ | AM56: =IF(AJ56="","дані ще не вивантажені",IF('Бали кандидатів'!$B$7>=AJ56,"проходить","НЕ проходить за ЄВВ")) | AN56: =IF(AJ56="","дані ще не вивантажені",IF('Бали кандидатів'!$C$7>=AJ56,"проходить","НЕ проходить за ЄВВ"))
A57: F3 Комп'ютерні науки | B57: Національний університет харчових технологій | C57: Київ | D57: Київ | E57: ТАК | F57: Фіксована | G57: ні | I57: Комп'ютерні науки | J57: Автоматизації і комп'ютерних систем | K57: 11 | L57: 29 | M57: =IF(K57=0,"н/д",L57/K57) | N57: 26.08.2026 | O57: 0.6 | P57: 0 | Q57: 0 | R57: — | S57: — | T57: =0.2*'Бали кандидатів'!$B$6+0.2*'Бали кандидатів'!$B$7+O57*'Бали кандидатів'!$B$9+P57*'Бали кандидатів'!$B$10+Q57*'Бали кандидатів'!$B$11 | U57: =0.2*'Бали кандидатів'!$C$6+0.2*'Бали кандидатів'!$C$7+O57*'Бали кандидатів'!$C$9+P57*'Бали кандидатів'!$C$10+Q57*'Бали кандидатів'!$C$11 | V57: =IF('Бали кандидатів'!$B$14>=300,"OK","НЕ ДОПУЩЕНО") | W57: =IF('Бали кандидатів'!$C$14>=300,"OK","НЕ ДОПУЩЕНО") | X57: =IF(AND(OR(R57="—",'Бали кандидатів'!$B$9>=R57),OR(S57="—",'Бали кандидатів'!$B$10>=S57)),"проходить","НИЖЧЕ мін. балу") | Y57: =IF(AND(OR(R57="—",'Бали кандидатів'!$C$9>=R57),OR(S57="—",'Бали кандидатів'!$C$10>=S57)),"проходить","НИЖЧЕ мін. балу") | Z57: Тільки іспит зі спеціальності | AE57: https://vstup.osvita.ua/r27/47/entrance.html | AF57: https://vstup.osvita.ua/y2026/r27/47/1648123/ | AM57: =IF(AJ57="","дані ще не вивантажені",IF('Бали кандидатів'!$B$7>=AJ57,"проходить","НЕ проходить за ЄВВ")) | AN57: =IF(AJ57="","дані ще не вивантажені",IF('Бали кандидатів'!$C$7>=AJ57,"проходить","НЕ проходить за ЄВВ"))
A58: F3 Комп'ютерні науки | B58: НУ «Одеська політехніка» | C58: Одеса | D58: Одеська | E58: ТАК | F58: Фіксована | G58: ні | I58: Комп'ютерні науки | J58: Відділ аспірантури і докторантури | K58: 12 | L58: 32 | M58: =IF(K58=0,"н/д",L58/K58) | N58: 26.08.2026 | O58: 0.6 | P58: 0 | Q58: 0 | R58: — | S58: — | T58: =0.2*'Бали кандидатів'!$B$6+0.2*'Бали кандидатів'!$B$7+O58*'Бали кандидатів'!$B$9+P58*'Бали кандидатів'!$B$10+Q58*'Бали кандидатів'!$B$11 | U58: =0.2*'Бали кандидатів'!$C$6+0.2*'Бали кандидатів'!$C$7+O58*'Бали кандидатів'!$C$9+P58*'Бали кандидатів'!$C$10+Q58*'Бали кандидатів'!$C$11 | V58: =IF('Бали кандидатів'!$B$14>=300,"OK","НЕ ДОПУЩЕНО") | W58: =IF('Бали кандидатів'!$C$14>=300,"OK","НЕ ДОПУЩЕНО") | X58: =IF(AND(OR(R58="—",'Бали кандидатів'!$B$9>=R58),OR(S58="—",'Бали кандидатів'!$B$10>=S58)),"проходить","НИЖЧЕ мін. балу") | Y58: =IF(AND(OR(R58="—",'Бали кандидатів'!$C$9>=R58),OR(S58="—",'Бали кандидатів'!$C$10>=S58)),"проходить","НИЖЧЕ мін. балу") | Z58: Тільки іспит зі спеціальності | AE58: https://vstup.osvita.ua/r16/5754/entrance.html | AF58: https://vstup.osvita.ua/y2026/r16/5754/1671203/ | AM58: =IF(AJ58="","дані ще не вивантажені",IF('Бали кандидатів'!$B$7>=AJ58,"проходить","НЕ проходить за ЄВВ")) | AN58: =IF(AJ58="","дані ще не вивантажені",IF('Бали кандидатів'!$C$7>=AJ58,"проходить","НЕ проходить за ЄВВ"))
A59: F3 Комп'ютерні науки | B59: НУ кораблебудування ім. адмірала Макарова | C59: Миколаїв | D59: Миколаївська | E59: ТАК | F59: Фіксована | G59: ні | I59: Комп'ютерні науки | J59: ННІ комп. наук та управління проєктами | K59: 9 | L59: 24 | M59: =IF(K59=0,"н/д",L59/K59) | N59: 25.08.2026 (застаріле) | O59: 0.6 | P59: 0 | Q59: 0 | R59: — | S59: — | T59: =0.2*'Бали кандидатів'!$B$6+0.2*'Бали кандидатів'!$B$7+O59*'Бали кандидатів'!$B$9+P59*'Бали кандидатів'!$B$10+Q59*'Бали кандидатів'!$B$11 | U59: =0.2*'Бали кандидатів'!$C$6+0.2*'Бали кандидатів'!$C$7+O59*'Бали кандидатів'!$C$9+P59*'Бали кандидатів'!$C$10+Q59*'Бали кандидатів'!$C$11 | V59: =IF('Бали кандидатів'!$B$14>=300,"OK","НЕ ДОПУЩЕНО") | W59: =IF('Бали кандидатів'!$C$14>=300,"OK","НЕ ДОПУЩЕНО") | X59: =IF(AND(OR(R59="—",'Бали кандидатів'!$B$9>=R59),OR(S59="—",'Бали кандидатів'!$B$10>=S59)),"проходить","НИЖЧЕ мін. балу") | Y59: =IF(AND(OR(R59="—",'Бали кандидатів'!$C$9>=R59),OR(S59="—",'Бали кандидатів'!$C$10>=S59)),"проходить","НИЖЧЕ мін. балу") | Z59: Тільки іспит зі спеціальності | AE59: https://vstup.osvita.ua/r15/105/entrance.html | AF59: https://vstup.osvita.ua/y2026/r15/105/1643847/ | AM59: =IF(AJ59="","дані ще не вивантажені",IF('Бали кандидатів'!$B$7>=AJ59,"проходить","НЕ проходить за ЄВВ")) | AN59: =IF(AJ59="","дані ще не вивантажені",IF('Бали кандидатів'!$C$7>=AJ59,"проходить","НЕ проходить за ЄВВ"))
A60: F3 Комп'ютерні науки | B60: Київський національний університет ім. Т. Шевченка | C60: Київ | D60: Київ | E60: ТАК | F60: Фіксована | G60: ні | I60: Технології штучного інтелекту | J60: Факультет інформаційних технологій | K60: 9 | L60: 25 | M60: =IF(K60=0,"н/д",L60/K60) | N60: 25.08.2026 (застаріле) | O60: 0.6 | P60: 0 | Q60: 0 | R60: 100 | S60: — | T60: =0.2*'Бали кандидатів'!$B$6+0.2*'Бали кандидатів'!$B$7+O60*'Бали кандидатів'!$B$9+P60*'Бали кандидатів'!$B$10+Q60*'Бали кандидатів'!$B$11 | U60: =0.2*'Бали кандидатів'!$C$6+0.2*'Бали кандидатів'!$C$7+O60*'Бали кандидатів'!$C$9+P60*'Бали кандидатів'!$C$10+Q60*'Бали кандидатів'!$C$11 | V60: =IF('Бали кандидатів'!$B$14>=300,"OK","НЕ ДОПУЩЕНО") | W60: =IF('Бали кандидатів'!$C$14>=300,"OK","НЕ ДОПУЩЕНО") | X60: =IF(AND(OR(R60="—",'Бали кандидатів'!$B$9>=R60),OR(S60="—",'Бали кандидатів'!$B$10>=S60)),"проходить","НИЖЧЕ мін. балу") | Y60: =IF(AND(OR(R60="—",'Бали кандидатів'!$C$9>=R60),OR(S60="—",'Бали кандидатів'!$C$10>=S60)),"проходить","НИЖЧЕ мін. балу") | Z60: Тільки іспит зі спеціальності | AE60: https://vstup.osvita.ua/r27/41/entrance.html | AF60: https://vstup.osvita.ua/y2026/r27/41/1649273/ | AM60: =IF(AJ60="","дані ще не вивантажені",IF('Бали кандидатів'!$B$7>=AJ60,"проходить","НЕ проходить за ЄВВ")) | AN60: =IF(AJ60="","дані ще не вивантажені",IF('Бали кандидатів'!$C$7>=AJ60,"проходить","НЕ проходить за ЄВВ"))
A61: F3 Комп'ютерні науки | B61: НаУКМА (Києво-Могилянська академія) | C61: Київ | D61: Київ | E61: ТАК | F61: Фіксована | G61: ні | I61: Комп'ютерні науки | J61: Факультет інформатики | K61: 5 | L61: 14 | M61: =IF(K61=0,"н/д",L61/K61) | N61: 26.08.2026 | O61: 0.2 | P61: 0.4 | Q61: 0 | R61: 150 | S61: 150 | T61: =0.2*'Бали кандидатів'!$B$6+0.2*'Бали кандидатів'!$B$7+O61*'Бали кандидатів'!$B$9+P61*'Бали кандидатів'!$B$10+Q61*'Бали кандидатів'!$B$11 | U61: =0.2*'Бали кандидатів'!$C$6+0.2*'Бали кандидатів'!$C$7+O61*'Бали кандидатів'!$C$9+P61*'Бали кандидатів'!$C$10+Q61*'Бали кандидатів'!$C$11 | V61: =IF('Бали кандидатів'!$B$14>=300,"OK","НЕ ДОПУЩЕНО") | W61: =IF('Бали кандидатів'!$C$14>=300,"OK","НЕ ДОПУЩЕНО") | X61: =IF(AND(OR(R61="—",'Бали кандидатів'!$B$9>=R61),OR(S61="—",'Бали кандидатів'!$B$10>=S61)),"проходить","НИЖЧЕ мін. балу") | Y61: =IF(AND(OR(R61="—",'Бали кандидатів'!$C$9>=R61),OR(S61="—",'Бали кандидатів'!$C$10>=S61)),"проходить","НИЖЧЕ мін. балу") | Z61: Дослідницька пропозиція важить більше або нарівні з іспитом | AE61: https://vstup.osvita.ua/r27/79/entrance.html | AF61: https://vstup.osvita.ua/y2026/r27/79/1653701/ | AM61: =IF(AJ61="","дані ще не вивантажені",IF('Бали кандидатів'!$B$7>=AJ61,"проходить","НЕ проходить за ЄВВ")) | AN61: =IF(AJ61="","дані ще не вивантажені",IF('Бали кандидатів'!$C$7>=AJ61,"проходить","НЕ проходить за ЄВВ"))
A62: F3 Комп'ютерні науки | B62: Запорізький національний університет | C62: Запоріжжя | D62: Запорізька | E62: ТАК | F62: Фіксована | G62: ні | I62: Комп'ютерні науки | K62: 5 | L62: 14 | M62: =IF(K62=0,"н/д",L62/K62) | N62: 26.08.2026 | O62: 0.4 | P62: 0.2 | Q62: 0 | R62: 100 | S62: 100 | T62: =0.2*'Бали кандидатів'!$B$6+0.2*'Бали кандидатів'!$B$7+O62*'Бали кандидатів'!$B$9+P62*'Бали кандидатів'!$B$10+Q62*'Бали кандидатів'!$B$11 | U62: =0.2*'Бали кандидатів'!$C$6+0.2*'Бали кандидатів'!$C$7+O62*'Бали кандидатів'!$C$9+P62*'Бали кандидатів'!$C$10+Q62*'Бали кандидатів'!$C$11 | V62: =IF('Бали кандидатів'!$B$14>=300,"OK","НЕ ДОПУЩЕНО") | W62: =IF('Бали кандидатів'!$C$14>=300,"OK","НЕ ДОПУЩЕНО") | X62: =IF(AND(OR(R62="—",'Бали кандидатів'!$B$9>=R62),OR(S62="—",'Бали кандидатів'!$B$10>=S62)),"проходить","НИЖЧЕ мін. балу") | Y62: =IF(AND(OR(R62="—",'Бали кандидатів'!$C$9>=R62),OR(S62="—",'Бали кандидатів'!$C$10>=S62)),"проходить","НИЖЧЕ мін. балу") | Z62: Іспит + дослідницька пропозиція | AE62: https://vstup.osvita.ua/r9/73/entrance.html | AF62: https://vstup.osvita.ua/y2026/r9/73/1650353/ | AM62: =IF(AJ62="","дані ще не вивантажені",IF('Бали кандидатів'!$B$7>=AJ62,"проходить","НЕ проходить за ЄВВ")) | AN62: =IF(AJ62="","дані ще не вивантажені",IF('Бали кандидатів'!$C$7>=AJ62,"проходить","НЕ проходить за ЄВВ"))
A63: F3 Комп'ютерні науки | B63: Київський національний університет будівництва і архітектури | C63: Київ | D63: Київ | E63: ТАК | F63: Фіксована | G63: ні | I63: Комп'ютерні науки | J63: Автоматизації і інформаційних технологій | K63: 5 | L63: 14 | M63: =IF(K63=0,"н/д",L63/K63) | N63: 26.08.2026 | O63: 0.6 | P63: 0 | Q63: 0 | R63: 100 | S63: — | T63: =0.2*'Бали кандидатів'!$B$6+0.2*'Бали кандидатів'!$B$7+O63*'Бали кандидатів'!$B$9+P63*'Бали кандидатів'!$B$10+Q63*'Бали кандидатів'!$B$11 | U63: =0.2*'Бали кандидатів'!$C$6+0.2*'Бали кандидатів'!$C$7+O63*'Бали кандидатів'!$C$9+P63*'Бали кандидатів'!$C$10+Q63*'Бали кандидатів'!$C$11 | V63: =IF('Бали кандидатів'!$B$14>=300,"OK","НЕ ДОПУЩЕНО") | W63: =IF('Бали кандидатів'!$C$14>=300,"OK","НЕ ДОПУЩЕНО") | X63: =IF(AND(OR(R63="—",'Бали кандидатів'!$B$9>=R63),OR(S63="—",'Бали кандидатів'!$B$10>=S63)),"проходить","НИЖЧЕ мін. балу") | Y63: =IF(AND(OR(R63="—",'Бали кандидатів'!$C$9>=R63),OR(S63="—",'Бали кандидатів'!$C$10>=S63)),"проходить","НИЖЧЕ мін. балу") | Z63: Тільки іспит зі спеціальності | AA63: НОВА пропозиція — зʼявилася в ЄДЕБО 26.08.2026 | AE63: https://vstup.osvita.ua/r27/127/entrance.html | AF63: https://vstup.osvita.ua/y2026/r27/127/1648633/ | AM63: =IF(AJ63="","дані ще не вивантажені",IF('Бали кандидатів'!$B$7>=AJ63,"проходить","НЕ проходить за ЄВВ")) | AN63: =IF(AJ63="","дані ще не вивантажені",IF('Бали кандидатів'!$C$7>=AJ63,"проходить","НЕ проходить за ЄВВ"))
A64: F3 Комп'ютерні науки | B64: НУ «Полтавська політехніка ім. Ю. Кондратюка» | C64: Полтава | D64: Полтавська | E64: ТАК | F64: Фіксована | G64: ні | I64: Комп'ютерні науки | J64: ННІ інформаційних технологій та робототехніки | K64: 7 | L64: 20 | M64: =IF(K64=0,"н/д",L64/K64) | N64: 26.08.2026 | O64: 0.6 | P64: 0 | Q64: 0 | R64: 100 | S64: — | T64: =0.2*'Бали кандидатів'!$B$6+0.2*'Бали кандидатів'!$B$7+O64*'Бали кандидатів'!$B$9+P64*'Бали кандидатів'!$B$10+Q64*'Бали кандидатів'!$B$11 | U64: =0.2*'Бали кандидатів'!$C$6+0.2*'Бали кандидатів'!$C$7+O64*'Бали кандидатів'!$C$9+P64*'Бали кандидатів'!$C$10+Q64*'Бали кандидатів'!$C$11 | V64: =IF('Бали кандидатів'!$B$14>=300,"OK","НЕ ДОПУЩЕНО") | W64: =IF('Бали кандидатів'!$C$14>=300,"OK","НЕ ДОПУЩЕНО") | X64: =IF(AND(OR(R64="—",'Бали кандидатів'!$B$9>=R64),OR(S64="—",'Бали кандидатів'!$B$10>=S64)),"проходить","НИЖЧЕ мін. балу") | Y64: =IF(AND(OR(R64="—",'Бали кандидатів'!$C$9>=R64),OR(S64="—",'Бали кандидатів'!$C$10>=S64)),"проходить","НИЖЧЕ мін. балу") | Z64: Тільки іспит зі спеціальності | AE64: https://vstup.osvita.ua/r17/225/entrance.html | AF64: https://vstup.osvita.ua/y2026/r17/225/1647176/ | AM64: =IF(AJ64="","дані ще не вивантажені",IF('Бали кандидатів'!$B$7>=AJ64,"проходить","НЕ проходить за ЄВВ")) | AN64: =IF(AJ64="","дані ще не вивантажені",IF('Бали кандидатів'!$C$7>=AJ64,"проходить","НЕ проходить за ЄВВ"))
A65: F2 Інженерія ПЗ | B65: КПІ ім. Ігоря Сікорського | C65: Київ | D65: Київ | E65: ТАК | F65: Фіксована | G65: ні | I65: Інженерія програмного забезпечення | J65: Інформатики та обчислювальної техніки | K65: 16 | L65: 47 | M65: =IF(K65=0,"н/д",L65/K65) | N65: 26.08.2026 | O65: 0.6 | P65: 0 | Q65: 0 | R65: — | S65: — | T65: =0.2*'Бали кандидатів'!$B$6+0.2*'Бали кандидатів'!$B$7+O65*'Бали кандидатів'!$B$9+P65*'Бали кандидатів'!$B$10+Q65*'Бали кандидатів'!$B$11 | U65: =0.2*'Бали кандидатів'!$C$6+0.2*'Бали кандидатів'!$C$7+O65*'Бали кандидатів'!$C$9+P65*'Бали кандидатів'!$C$10+Q65*'Бали кандидатів'!$C$11 | V65: =IF('Бали кандидатів'!$B$14>=300,"OK","НЕ ДОПУЩЕНО") | W65: =IF('Бали кандидатів'!$C$14>=300,"OK","НЕ ДОПУЩЕНО") | X65: =IF(AND(OR(R65="—",'Бали кандидатів'!$B$9>=R65),OR(S65="—",'Бали кандидатів'!$B$10>=S65)),"проходить","НИЖЧЕ мін. балу") | Y65: =IF(AND(OR(R65="—",'Бали кандидатів'!$C$9>=R65),OR(S65="—",'Бали кандидатів'!$C$10>=S65)),"проходить","НИЖЧЕ мін. балу") | Z65: Тільки іспит зі спеціальності | AE65: https://vstup.osvita.ua/r27/174/entrance.html | AF65: https://vstup.osvita.ua/y2026/r27/174/1650954/ | AM65: =IF(AJ65="","дані ще не вивантажені",IF('Бали кандидатів'!$B$7>=AJ65,"проходить","НЕ проходить за ЄВВ")) | AN65: =IF(AJ65="","дані ще не вивантажені",IF('Бали кандидатів'!$C$7>=AJ65,"проходить","НЕ проходить за ЄВВ"))
A66: F3 Комп'ютерні науки | B66: Черкаський державний технологічний університет | C66: Черкаси | D66: Черкаська | E66: ТАК | F66: Фіксована | G66: ні | I66: Комп'ютерні науки | J66: Інформаційних технологій і систем | K66: 4 | L66: 12 | M66: =IF(K66=0,"н/д",L66/K66) | N66: 26.08.2026 | O66: 0.6 | P66: 0 | Q66: 0 | R66: — | S66: — | T66: =0.2*'Бали кандидатів'!$B$6+0.2*'Бали кандидатів'!$B$7+O66*'Бали кандидатів'!$B$9+P66*'Бали кандидатів'!$B$10+Q66*'Бали кандидатів'!$B$11 | U66: =0.2*'Бали кандидатів'!$C$6+0.2*'Бали кандидатів'!$C$7+O66*'Бали кандидатів'!$C$9+P66*'Бали кандидатів'!$C$10+Q66*'Бали кандидатів'!$C$11 | V66: =IF('Бали кандидатів'!$B$14>=300,"OK","НЕ ДОПУЩЕНО") | W66: =IF('Бали кандидатів'!$C$14>=300,"OK","НЕ ДОПУЩЕНО") | X66: =IF(AND(OR(R66="—",'Бали кандидатів'!$B$9>=R66),OR(S66="—",'Бали кандидатів'!$B$10>=S66)),"проходить","НИЖЧЕ мін. балу") | Y66: =IF(AND(OR(R66="—",'Бали кандидатів'!$C$9>=R66),OR(S66="—",'Бали кандидатів'!$C$10>=S66)),"проходить","НИЖЧЕ мін. балу") | Z66: Тільки іспит зі спеціальності | AE66: https://vstup.osvita.ua/r24/248/entrance.html | AF66: https://vstup.osvita.ua/y2026/r24/248/1648422/ | AM66: =IF(AJ66="","дані ще не вивантажені",IF('Бали кандидатів'!$B$7>=AJ66,"проходить","НЕ проходить за ЄВВ")) | AN66: =IF(AJ66="","дані ще не вивантажені",IF('Бали кандидатів'!$C$7>=AJ66,"проходить","НЕ проходить за ЄВВ"))
A67: F2 Інженерія ПЗ | B67: НаУКМА (Києво-Могилянська академія) | C67: Київ | D67: Київ | E67: ТАК | F67: Фіксована | G67: ні | I67: Інженерія програмного забезпечення | J67: Факультет інформатики | K67: 3 | L67: 9 | M67: =IF(K67=0,"н/д",L67/K67) | N67: 26.08.2026 | O67: 0.2 | P67: 0.4 | Q67: 0 | R67: 150 | S67: 150 | T67: =0.2*'Бали кандидатів'!$B$6+0.2*'Бали кандидатів'!$B$7+O67*'Бали кандидатів'!$B$9+P67*'Бали кандидатів'!$B$10+Q67*'Бали кандидатів'!$B$11 | U67: =0.2*'Бали кандидатів'!$C$6+0.2*'Бали кандидатів'!$C$7+O67*'Бали кандидатів'!$C$9+P67*'Бали кандидатів'!$C$10+Q67*'Бали кандидатів'!$C$11 | V67: =IF('Бали кандидатів'!$B$14>=300,"OK","НЕ ДОПУЩЕНО") | W67: =IF('Бали кандидатів'!$C$14>=300,"OK","НЕ ДОПУЩЕНО") | X67: =IF(AND(OR(R67="—",'Бали кандидатів'!$B$9>=R67),OR(S67="—",'Бали кандидатів'!$B$10>=S67)),"проходить","НИЖЧЕ мін. балу") | Y67: =IF(AND(OR(R67="—",'Бали кандидатів'!$C$9>=R67),OR(S67="—",'Бали кандидатів'!$C$10>=S67)),"проходить","НИЖЧЕ мін. балу") | Z67: Дослідницька пропозиція важить більше або нарівні з іспитом | AE67: https://vstup.osvita.ua/r27/79/entrance.html | AF67: https://vstup.osvita.ua/y2026/r27/79/1653695/ | AM67: =IF(AJ67="","дані ще не вивантажені",IF('Бали кандидатів'!$B$7>=AJ67,"проходить","НЕ проходить за ЄВВ")) | AN67: =IF(AJ67="","дані ще не вивантажені",IF('Бали кандидатів'!$C$7>=AJ67,"проходить","НЕ проходить за ЄВВ"))
A68: F2 Інженерія ПЗ | B68: Луцький національний технічний університет | C68: Луцьк | D68: Волинська | E68: ТАК | F68: Фіксована | G68: ні | I68: Інженерія програмного забезпечення | J68: Комп'ютерних та інформаційних технологій | K68: 5 | L68: 15 | M68: =IF(K68=0,"н/д",L68/K68) | N68: 26.08.2026 | O68: 0.6 | P68: 0 | Q68: 0 | R68: — | S68: — | T68: =0.2*'Бали кандидатів'!$B$6+0.2*'Бали кандидатів'!$B$7+O68*'Бали кандидатів'!$B$9+P68*'Бали кандидатів'!$B$10+Q68*'Бали кандидатів'!$B$11 | U68: =0.2*'Бали кандидатів'!$C$6+0.2*'Бали кандидатів'!$C$7+O68*'Бали кандидатів'!$C$9+P68*'Бали кандидатів'!$C$10+Q68*'Бали кандидатів'!$C$11 | V68: =IF('Бали кандидатів'!$B$14>=300,"OK","НЕ ДОПУЩЕНО") | W68: =IF('Бали кандидатів'!$C$14>=300,"OK","НЕ ДОПУЩЕНО") | X68: =IF(AND(OR(R68="—",'Бали кандидатів'!$B$9>=R68),OR(S68="—",'Бали кандидатів'!$B$10>=S68)),"проходить","НИЖЧЕ мін. балу") | Y68: =IF(AND(OR(R68="—",'Бали кандидатів'!$C$9>=R68),OR(S68="—",'Бали кандидатів'!$C$10>=S68)),"проходить","НИЖЧЕ мін. балу") | Z68: Тільки іспит зі спеціальності | AE68: https://vstup.osvita.ua/r4/309/entrance.html | AF68: https://vstup.osvita.ua/y2026/r4/309/1652431/ | AM68: =IF(AJ68="","дані ще не вивантажені",IF('Бали кандидатів'!$B$7>=AJ68,"проходить","НЕ проходить за ЄВВ")) | AN68: =IF(AJ68="","дані ще не вивантажені",IF('Бали кандидатів'!$C$7>=AJ68,"проходить","НЕ проходить за ЄВВ"))
A69: F4 Системний аналіз | B69: Вінницький національний технічний університет | C69: Вінниця | D69: Вінницька | E69: ТАК | F69: Фіксована | G69: ні | I69: Системний аналіз | J69: Інститут докторантури та аспірантури | K69: 4 | L69: 12 | M69: =IF(K69=0,"н/д",L69/K69) | N69: 26.08.2026 | O69: ? | P69: ? | Q69: ? | R69: ? | S69: ? | T69: ваги невідомі | U69: ваги невідомі | V69: =IF('Бали кандидатів'!$B$14>=300,"OK","НЕ ДОПУЩЕНО") | W69: =IF('Бали кандидатів'!$C$14>=300,"OK","НЕ ДОПУЩЕНО") | X69: — | Y69: — | Z69: ваги не зчитані — уточнити на сторінці пропозиції | AA69: Складові конкурсного бала у вихідних даних відсутні — відкрити «Детальніше» на сторінці ЗВО | AE69: https://vstup.osvita.ua/r3/137/entrance.html | AF69: https://vstup.osvita.ua/r3/137/ | AM69: =IF(AJ69="","дані ще не вивантажені",IF('Бали кандидатів'!$B$7>=AJ69,"проходить","НЕ проходить за ЄВВ")) | AN69: =IF(AJ69="","дані ще не вивантажені",IF('Бали кандидатів'!$C$7>=AJ69,"проходить","НЕ проходить за ЄВВ"))
A70: F3 Комп'ютерні науки | B70: Харківський національний автомобільно-дорожній університет | C70: Харків | D70: Харківська | E70: ТАК | F70: Фіксована | G70: ні | I70: Комп'ютерні науки | J70: Механічний | K70: 5 | L70: 16 | M70: =IF(K70=0,"н/д",L70/K70) | N70: 25.08.2026 (застаріле) | O70: 0.6 | P70: 0 | Q70: 0 | R70: — | S70: — | T70: =0.2*'Бали кандидатів'!$B$6+0.2*'Бали кандидатів'!$B$7+O70*'Бали кандидатів'!$B$9+P70*'Бали кандидатів'!$B$10+Q70*'Бали кандидатів'!$B$11 | U70: =0.2*'Бали кандидатів'!$C$6+0.2*'Бали кандидатів'!$C$7+O70*'Бали кандидатів'!$C$9+P70*'Бали кандидатів'!$C$10+Q70*'Бали кандидатів'!$C$11 | V70: =IF('Бали кандидатів'!$B$14>=300,"OK","НЕ ДОПУЩЕНО") | W70: =IF('Бали кандидатів'!$C$14>=300,"OK","НЕ ДОПУЩЕНО") | X70: =IF(AND(OR(R70="—",'Бали кандидатів'!$B$9>=R70),OR(S70="—",'Бали кандидатів'!$B$10>=S70)),"проходить","НИЖЧЕ мін. балу") | Y70: =IF(AND(OR(R70="—",'Бали кандидатів'!$C$9>=R70),OR(S70="—",'Бали кандидатів'!$C$10>=S70)),"проходить","НИЖЧЕ мін. балу") | Z70: Тільки іспит зі спеціальності | AE70: https://vstup.osvita.ua/r21/212/entrance.html | AF70: https://vstup.osvita.ua/y2026/r21/212/1650596/ | AM70: =IF(AJ70="","дані ще не вивантажені",IF('Бали кандидатів'!$B$7>=AJ70,"проходить","НЕ проходить за ЄВВ")) | AN70: =IF(AJ70="","дані ще не вивантажені",IF('Бали кандидатів'!$C$7>=AJ70,"проходить","НЕ проходить за ЄВВ"))
A71: F2 Інженерія ПЗ | B71: Державний університет інформаційно-комунікаційних технологій | C71: Київ | D71: Київ | E71: ТАК | F71: Фіксована | G71: ні | I71: Інженерія програмного забезпечення | J71: ННІ інформаційних технологій | K71: 5 | L71: 16 | M71: =IF(K71=0,"н/д",L71/K71) | N71: 26.08.2026 | O71: 0.2 | P71: 0.4 | Q71: 0 | R71: 100 | S71: 100 | T71: =0.2*'Бали кандидатів'!$B$6+0.2*'Бали кандидатів'!$B$7+O71*'Бали кандидатів'!$B$9+P71*'Бали кандидатів'!$B$10+Q71*'Бали кандидатів'!$B$11 | U71: =0.2*'Бали кандидатів'!$C$6+0.2*'Бали кандидатів'!$C$7+O71*'Бали кандидатів'!$C$9+P71*'Бали кандидатів'!$C$10+Q71*'Бали кандидатів'!$C$11 | V71: =IF('Бали кандидатів'!$B$14>=300,"OK","НЕ ДОПУЩЕНО") | W71: =IF('Бали кандидатів'!$C$14>=300,"OK","НЕ ДОПУЩЕНО") | X71: =IF(AND(OR(R71="—",'Бали кандидатів'!$B$9>=R71),OR(S71="—",'Бали кандидатів'!$B$10>=S71)),"проходить","НИЖЧЕ мін. балу") | Y71: =IF(AND(OR(R71="—",'Бали кандидатів'!$C$9>=R71),OR(S71="—",'Бали кандидатів'!$C$10>=S71)),"проходить","НИЖЧЕ мін. балу") | Z71: Дослідницька пропозиція важить більше або нарівні з іспитом | AE71: https://vstup.osvita.ua/r27/82/entrance.html | AF71: https://vstup.osvita.ua/y2026/r27/82/1668193/ | AM71: =IF(AJ71="","дані ще не вивантажені",IF('Бали кандидатів'!$B$7>=AJ71,"проходить","НЕ проходить за ЄВВ")) | AN71: =IF(AJ71="","дані ще не вивантажені",IF('Бали кандидатів'!$C$7>=AJ71,"проходить","НЕ проходить за ЄВВ"))
A72: F2 Інженерія ПЗ | B72: КПІ ім. Ігоря Сікорського | C72: Київ | D72: Київ | E72: ТАК | F72: Фіксована | G72: ні | I72: Інженерія програмного забезпечення | J72: ННІ атомної та теплової енергетики | K72: 7 | L72: 23 | M72: =IF(K72=0,"н/д",L72/K72) | N72: 26.08.2026 | O72: 0.6 | P72: 0 | Q72: 0 | R72: — | S72: — | T72: =0.2*'Бали кандидатів'!$B$6+0.2*'Бали кандидатів'!$B$7+O72*'Бали кандидатів'!$B$9+P72*'Бали кандидатів'!$B$10+Q72*'Бали кандидатів'!$B$11 | U72: =0.2*'Бали кандидатів'!$C$6+0.2*'Бали кандидатів'!$C$7+O72*'Бали кандидатів'!$C$9+P72*'Бали кандидатів'!$C$10+Q72*'Бали кандидатів'!$C$11 | V72: =IF('Бали кандидатів'!$B$14>=300,"OK","НЕ ДОПУЩЕНО") | W72: =IF('Бали кандидатів'!$C$14>=300,"OK","НЕ ДОПУЩЕНО") | X72: =IF(AND(OR(R72="—",'Бали кандидатів'!$B$9>=R72),OR(S72="—",'Бали кандидатів'!$B$10>=S72)),"проходить","НИЖЧЕ мін. балу") | Y72: =IF(AND(OR(R72="—",'Бали кандидатів'!$C$9>=R72),OR(S72="—",'Бали кандидатів'!$C$10>=S72)),"проходить","НИЖЧЕ мін. балу") | Z72: Тільки іспит зі спеціальності | AE72: https://vstup.osvita.ua/r27/174/entrance.html | AF72: https://vstup.osvita.ua/y2026/r27/174/1650565/ | AM72: =IF(AJ72="","дані ще не вивантажені",IF('Бали кандидатів'!$B$7>=AJ72,"проходить","НЕ проходить за ЄВВ")) | AN72: =IF(AJ72="","дані ще не вивантажені",IF('Бали кандидатів'!$C$7>=AJ72,"проходить","НЕ проходить за ЄВВ"))
A73: F3 Комп'ютерні науки | B73: Донецький національний технічний університет | C73: Львів (переміщений) | D73: Львівська | E73: ТАК | F73: Фіксована | G73: ТАК | H73: ПЕРЕМІЩЕНИЙ — з Донецька (2014, Покровськ). УВАГА: у ЄДЕБО регіон Львівська обл., але сторонні джерела вказують Луцьк — фактичне місце уточнити у ЗВО | I73: Комп'ютерні науки | J73: Докторантура, аспірантура | K73: 5 | L73: 17 | M73: =IF(K73=0,"н/д",L73/K73) | N73: 26.08.2026 | O73: 0.3 | P73: 0.3 | Q73: 0 | R73: 100 | S73: 100 | T73: =0.2*'Бали кандидатів'!$B$6+0.2*'Бали кандидатів'!$B$7+O73*'Бали кандидатів'!$B$9+P73*'Бали кандидатів'!$B$10+Q73*'Бали кандидатів'!$B$11 | U73: =0.2*'Бали кандидатів'!$C$6+0.2*'Бали кандидатів'!$C$7+O73*'Бали кандидатів'!$C$9+P73*'Бали кандидатів'!$C$10+Q73*'Бали кандидатів'!$C$11 | V73: =IF('Бали кандидатів'!$B$14>=300,"OK","НЕ ДОПУЩЕНО") | W73: =IF('Бали кандидатів'!$C$14>=300,"OK","НЕ ДОПУЩЕНО") | X73: =IF(AND(OR(R73="—",'Бали кандидатів'!$B$9>=R73),OR(S73="—",'Бали кандидатів'!$B$10>=S73)),"проходить","НИЖЧЕ мін. балу") | Y73: =IF(AND(OR(R73="—",'Бали кандидатів'!$C$9>=R73),OR(S73="—",'Бали кандидатів'!$C$10>=S73)),"проходить","НИЖЧЕ мін. балу") | Z73: Дослідницька пропозиція важить більше або нарівні з іспитом | AE73: https://vstup.osvita.ua/r14/202/entrance.html | AF73: https://vstup.osvita.ua/y2026/r14/202/1652534/ | AM73: =IF(AJ73="","дані ще не вивантажені",IF('Бали кандидатів'!$B$7>=AJ73,"проходить","НЕ проходить за ЄВВ")) | AN73: =IF(AJ73="","дані ще не вивантажені",IF('Бали кандидатів'!$C$7>=AJ73,"проходить","НЕ проходить за ЄВВ"))
A74: F3 Комп'ютерні науки | B74: Дніпровський національний університет ім. О. Гончара | C74: Дніпро | D74: Дніпропетровська | E74: ТАК | F74: Фіксована | G74: ні | I74: Комп'ютерні науки | J74: Фізики, електроніки та комп'ютерних систем | K74: 5 | L74: 17 | M74: =IF(K74=0,"н/д",L74/K74) | N74: 26.08.2026 | O74: 0.6 | P74: 0 | Q74: 0 | R74: 100 | S74: — | T74: =0.2*'Бали кандидатів'!$B$6+0.2*'Бали кандидатів'!$B$7+O74*'Бали кандидатів'!$B$9+P74*'Бали кандидатів'!$B$10+Q74*'Бали кандидатів'!$B$11 | U74: =0.2*'Бали кандидатів'!$C$6+0.2*'Бали кандидатів'!$C$7+O74*'Бали кандидатів'!$C$9+P74*'Бали кандидатів'!$C$10+Q74*'Бали кандидатів'!$C$11 | V74: =IF('Бали кандидатів'!$B$14>=300,"OK","НЕ ДОПУЩЕНО") | W74: =IF('Бали кандидатів'!$C$14>=300,"OK","НЕ ДОПУЩЕНО") | X74: =IF(AND(OR(R74="—",'Бали кандидатів'!$B$9>=R74),OR(S74="—",'Бали кандидатів'!$B$10>=S74)),"проходить","НИЖЧЕ мін. балу") | Y74: =IF(AND(OR(R74="—",'Бали кандидатів'!$C$9>=R74),OR(S74="—",'Бали кандидатів'!$C$10>=S74)),"проходить","НИЖЧЕ мін. балу") | Z74: Тільки іспит зі спеціальності | AE74: https://vstup.osvita.ua/r5/111/entrance.html | AF74: https://vstup.osvita.ua/y2026/r5/111/1652977/ | AM74: =IF(AJ74="","дані ще не вивантажені",IF('Бали кандидатів'!$B$7>=AJ74,"проходить","НЕ проходить за ЄВВ")) | AN74: =IF(AJ74="","дані ще не вивантажені",IF('Бали кандидатів'!$C$7>=AJ74,"проходить","НЕ проходить за ЄВВ"))
A75: F3 Комп'ютерні науки | B75: КПІ ім. Ігоря Сікорського | C75: Київ | D75: Київ | E75: ТАК | F75: Фіксована | G75: ні | I75: Комп'ютерні науки | J75: ННІ прикладного системного аналізу | K75: 16 | L75: 55 | M75: =IF(K75=0,"н/д",L75/K75) | N75: 26.08.2026 | O75: 0.6 | P75: 0 | Q75: 0 | R75: — | S75: — | T75: =0.2*'Бали кандидатів'!$B$6+0.2*'Бали кандидатів'!$B$7+O75*'Бали кандидатів'!$B$9+P75*'Бали кандидатів'!$B$10+Q75*'Бали кандидатів'!$B$11 | U75: =0.2*'Бали кандидатів'!$C$6+0.2*'Бали кандидатів'!$C$7+O75*'Бали кандидатів'!$C$9+P75*'Бали кандидатів'!$C$10+Q75*'Бали кандидатів'!$C$11 | V75: =IF('Бали кандидатів'!$B$14>=300,"OK","НЕ ДОПУЩЕНО") | W75: =IF('Бали кандидатів'!$C$14>=300,"OK","НЕ ДОПУЩЕНО") | X75: =IF(AND(OR(R75="—",'Бали кандидатів'!$B$9>=R75),OR(S75="—",'Бали кандидатів'!$B$10>=S75)),"проходить","НИЖЧЕ мін. балу") | Y75: =IF(AND(OR(R75="—",'Бали кандидатів'!$C$9>=R75),OR(S75="—",'Бали кандидатів'!$C$10>=S75)),"проходить","НИЖЧЕ мін. балу") | Z75: Тільки іспит зі спеціальності | AE75: https://vstup.osvita.ua/r27/174/entrance.html | AF75: https://vstup.osvita.ua/y2026/r27/174/1650827/ | AM75: =IF(AJ75="","дані ще не вивантажені",IF('Бали кандидатів'!$B$7>=AJ75,"проходить","НЕ проходить за ЄВВ")) | AN75: =IF(AJ75="","дані ще не вивантажені",IF('Бали кандидатів'!$C$7>=AJ75,"проходить","НЕ проходить за ЄВВ"))
A76: F2 Інженерія ПЗ | B76: НУ «Одеська політехніка» | C76: Одеса | D76: Одеська | E76: ТАК | F76: Фіксована | G76: ні | I76: Інженерія програмного забезпечення | J76: Відділ аспірантури і докторантури | K76: 4 | L76: 14 | M76: =IF(K76=0,"н/д",L76/K76) | N76: 26.08.2026 | O76: 0.6 | P76: 0 | Q76: 0 | R76: — | S76: — | T76: =0.2*'Бали кандидатів'!$B$6+0.2*'Бали кандидатів'!$B$7+O76*'Бали кандидатів'!$B$9+P76*'Бали кандидатів'!$B$10+Q76*'Бали кандидатів'!$B$11 | U76: =0.2*'Бали кандидатів'!$C$6+0.2*'Бали кандидатів'!$C$7+O76*'Бали кандидатів'!$C$9+P76*'Бали кандидатів'!$C$10+Q76*'Бали кандидатів'!$C$11 | V76: =IF('Бали кандидатів'!$B$14>=300,"OK","НЕ ДОПУЩЕНО") | W76: =IF('Бали кандидатів'!$C$14>=300,"OK","НЕ ДОПУЩЕНО") | X76: =IF(AND(OR(R76="—",'Бали кандидатів'!$B$9>=R76),OR(S76="—",'Бали кандидатів'!$B$10>=S76)),"проходить","НИЖЧЕ мін. балу") | Y76: =IF(AND(OR(R76="—",'Бали кандидатів'!$C$9>=R76),OR(S76="—",'Бали кандидатів'!$C$10>=S76)),"проходить","НИЖЧЕ мін. балу") | Z76: Тільки іспит зі спеціальності | AE76: https://vstup.osvita.ua/r16/5754/entrance.html | AF76: https://vstup.osvita.ua/y2026/r16/5754/1671201/ | AM76: =IF(AJ76="","дані ще не вивантажені",IF('Бали кандидатів'!$B$7>=AJ76,"проходить","НЕ проходить за ЄВВ")) | AN76: =IF(AJ76="","дані ще не вивантажені",IF('Бали кандидатів'!$C$7>=AJ76,"проходить","НЕ проходить за ЄВВ"))
A77: F2 Інженерія ПЗ | B77: НТУ «Харківський політехнічний інститут» | C77: Харків | D77: Харківська | E77: ТАК | F77: Фіксована | G77: ні | I77: Інженерія програмного забезпечення | K77: 7 | L77: 25 | M77: =IF(K77=0,"н/д",L77/K77) | N77: 26.08.2026 | O77: 0.6 | P77: 0 | Q77: 0 | R77: — | S77: — | T77: =0.2*'Бали кандидатів'!$B$6+0.2*'Бали кандидатів'!$B$7+O77*'Бали кандидатів'!$B$9+P77*'Бали кандидатів'!$B$10+Q77*'Бали кандидатів'!$B$11 | U77: =0.2*'Бали кандидатів'!$C$6+0.2*'Бали кандидатів'!$C$7+O77*'Бали кандидатів'!$C$9+P77*'Бали кандидатів'!$C$10+Q77*'Бали кандидатів'!$C$11 | V77: =IF('Бали кандидатів'!$B$14>=300,"OK","НЕ ДОПУЩЕНО") | W77: =IF('Бали кандидатів'!$C$14>=300,"OK","НЕ ДОПУЩЕНО") | X77: =IF(AND(OR(R77="—",'Бали кандидатів'!$B$9>=R77),OR(S77="—",'Бали кандидатів'!$B$10>=S77)),"проходить","НИЖЧЕ мін. балу") | Y77: =IF(AND(OR(R77="—",'Бали кандидатів'!$C$9>=R77),OR(S77="—",'Бали кандидатів'!$C$10>=S77)),"проходить","НИЖЧЕ мін. балу") | Z77: Тільки іспит зі спеціальності | AE77: https://vstup.osvita.ua/r21/104/entrance.html | AF77: https://vstup.osvita.ua/y2026/r21/104/1668759/ | AM77: =IF(AJ77="","дані ще не вивантажені",IF('Бали кандидатів'!$B$7>=AJ77,"проходить","НЕ проходить за ЄВВ")) | AN77: =IF(AJ77="","дані ще не вивантажені",IF('Бали кандидатів'!$C$7>=AJ77,"проходить","НЕ проходить за ЄВВ"))
A78: F3 Комп'ютерні науки | B78: Львівський національний університет ім. І. Франка | C78: Львів | D78: Львівська | E78: ТАК | F78: Фіксована | G78: ні | I78: Комп'ютерні науки | K78: 20 | L78: 74 | M78: =IF(K78=0,"н/д",L78/K78) | N78: 26.08.2026 | O78: 0.6 | P78: 0 | Q78: 0 | R78: 150 | S78: — | T78: =0.2*'Бали кандидатів'!$B$6+0.2*'Бали кандидатів'!$B$7+O78*'Бали кандидатів'!$B$9+P78*'Бали кандидатів'!$B$10+Q78*'Бали кандидатів'!$B$11 | U78: =0.2*'Бали кандидатів'!$C$6+0.2*'Бали кандидатів'!$C$7+O78*'Бали кандидатів'!$C$9+P78*'Бали кандидатів'!$C$10+Q78*'Бали кандидатів'!$C$11 | V78: =IF('Бали кандидатів'!$B$14>=300,"OK","НЕ ДОПУЩЕНО") | W78: =IF('Бали кандидатів'!$C$14>=300,"OK","НЕ ДОПУЩЕНО") | X78: =IF(AND(OR(R78="—",'Бали кандидатів'!$B$9>=R78),OR(S78="—",'Бали кандидатів'!$B$10>=S78)),"проходить","НИЖЧЕ мін. балу") | Y78: =IF(AND(OR(R78="—",'Бали кандидатів'!$C$9>=R78),OR(S78="—",'Бали кандидатів'!$C$10>=S78)),"проходить","НИЖЧЕ мін. балу") | Z78: Тільки іспит зі спеціальності | AA78: Найвищий у списку мін. бал за іспит зі спеціальності — 150 | AB78: 19.09.2026 | AC78: 14:00 | AD78: Львів — аудиторію уточнити у відділі аспірантури | AE78: https://vstup.osvita.ua/r14/282/entrance.html | AF78: https://vstup.osvita.ua/y2026/r14/282/1647066/ | AM78: =IF(AJ78="","дані ще не вивантажені",IF('Бали кандидатів'!$B$7>=AJ78,"проходить","НЕ проходить за ЄВВ")) | AN78: =IF(AJ78="","дані ще не вивантажені",IF('Бали кандидатів'!$C$7>=AJ78,"проходить","НЕ проходить за ЄВВ"))
A79: F3 Комп'ютерні науки | B79: Державний торговельно-економічний університет | C79: Київ | D79: Київ | E79: ТАК | F79: Фіксована | G79: ні | I79: Комп'ютерні науки | K79: 7 | L79: 26 | M79: =IF(K79=0,"н/д",L79/K79) | N79: 26.08.2026 | O79: 0.6 | P79: 0 | Q79: 0 | R79: 100 | S79: — | T79: =0.2*'Бали кандидатів'!$B$6+0.2*'Бали кандидатів'!$B$7+O79*'Бали кандидатів'!$B$9+P79*'Бали кандидатів'!$B$10+Q79*'Бали кандидатів'!$B$11 | U79: =0.2*'Бали кандидатів'!$C$6+0.2*'Бали кандидатів'!$C$7+O79*'Бали кандидатів'!$C$9+P79*'Бали кандидатів'!$C$10+Q79*'Бали кандидатів'!$C$11 | V79: =IF('Бали кандидатів'!$B$14>=300,"OK","НЕ ДОПУЩЕНО") | W79: =IF('Бали кандидатів'!$C$14>=300,"OK","НЕ ДОПУЩЕНО") | X79: =IF(AND(OR(R79="—",'Бали кандидатів'!$B$9>=R79),OR(S79="—",'Бали кандидатів'!$B$10>=S79)),"проходить","НИЖЧЕ мін. балу") | Y79: =IF(AND(OR(R79="—",'Бали кандидатів'!$C$9>=R79),OR(S79="—",'Бали кандидатів'!$C$10>=S79)),"проходить","НИЖЧЕ мін. балу") | Z79: Тільки іспит зі спеціальності | AE79: https://vstup.osvita.ua/r27/6594/entrance.html | AF79: https://vstup.osvita.ua/y2026/r27/6594/1650656/ | AM79: =IF(AJ79="","дані ще не вивантажені",IF('Бали кандидатів'!$B$7>=AJ79,"проходить","НЕ проходить за ЄВВ")) | AN79: =IF(AJ79="","дані ще не вивантажені",IF('Бали кандидатів'!$C$7>=AJ79,"проходить","НЕ проходить за ЄВВ"))
A80: F2 Інженерія ПЗ | B80: Дніпровський національний університет ім. О. Гончара | C80: Дніпро | D80: Дніпропетровська | E80: ТАК | F80: Фіксована | G80: ні | I80: Інженерія програмного забезпечення | J80: Прикладної математики та інформаційних технологій | K80: 8 | L80: 30 | M80: =IF(K80=0,"н/д",L80/K80) | N80: 26.08.2026 | O80: 0.6 | P80: 0 | Q80: 0 | R80: 100 | S80: — | T80: =0.2*'Бали кандидатів'!$B$6+0.2*'Бали кандидатів'!$B$7+O80*'Бали кандидатів'!$B$9+P80*'Бали кандидатів'!$B$10+Q80*'Бали кандидатів'!$B$11 | U80: =0.2*'Бали кандидатів'!$C$6+0.2*'Бали кандидатів'!$C$7+O80*'Бали кандидатів'!$C$9+P80*'Бали кандидатів'!$C$10+Q80*'Бали кандидатів'!$C$11 | V80: =IF('Бали кандидатів'!$B$14>=300,"OK","НЕ ДОПУЩЕНО") | W80: =IF('Бали кандидатів'!$C$14>=300,"OK","НЕ ДОПУЩЕНО") | X80: =IF(AND(OR(R80="—",'Бали кандидатів'!$B$9>=R80),OR(S80="—",'Бали кандидатів'!$B$10>=S80)),"проходить","НИЖЧЕ мін. балу") | Y80: =IF(AND(OR(R80="—",'Бали кандидатів'!$C$9>=R80),OR(S80="—",'Бали кандидатів'!$C$10>=S80)),"проходить","НИЖЧЕ мін. балу") | Z80: Тільки іспит зі спеціальності | AE80: https://vstup.osvita.ua/r5/111/entrance.html | AF80: https://vstup.osvita.ua/y2026/r5/111/1652974/ | AM80: =IF(AJ80="","дані ще не вивантажені",IF('Бали кандидатів'!$B$7>=AJ80,"проходить","НЕ проходить за ЄВВ")) | AN80: =IF(AJ80="","дані ще не вивантажені",IF('Бали кандидатів'!$C$7>=AJ80,"проходить","НЕ проходить за ЄВВ"))
A81: F2 Інженерія ПЗ | B81: КПІ ім. Ігоря Сікорського | C81: Київ | D81: Київ | E81: ТАК | F81: Фіксована | G81: ні | I81: Інженерія програмного забезпечення | J81: Програмних систем та прикладної математики | K81: 4 | L81: 15 | M81: =IF(K81=0,"н/д",L81/K81) | N81: 26.08.2026 | O81: 0.6 | P81: 0 | Q81: 0 | R81: — | S81: — | T81: =0.2*'Бали кандидатів'!$B$6+0.2*'Бали кандидатів'!$B$7+O81*'Бали кандидатів'!$B$9+P81*'Бали кандидатів'!$B$10+Q81*'Бали кандидатів'!$B$11 | U81: =0.2*'Бали кандидатів'!$C$6+0.2*'Бали кандидатів'!$C$7+O81*'Бали кандидатів'!$C$9+P81*'Бали кандидатів'!$C$10+Q81*'Бали кандидатів'!$C$11 | V81: =IF('Бали кандидатів'!$B$14>=300,"OK","НЕ ДОПУЩЕНО") | W81: =IF('Бали кандидатів'!$C$14>=300,"OK","НЕ ДОПУЩЕНО") | X81: =IF(AND(OR(R81="—",'Бали кандидатів'!$B$9>=R81),OR(S81="—",'Бали кандидатів'!$B$10>=S81)),"проходить","НИЖЧЕ мін. балу") | Y81: =IF(AND(OR(R81="—",'Бали кандидатів'!$C$9>=R81),OR(S81="—",'Бали кандидатів'!$C$10>=S81)),"проходить","НИЖЧЕ мін. балу") | Z81: Тільки іспит зі спеціальності | AE81: https://vstup.osvita.ua/r27/174/entrance.html | AF81: https://vstup.osvita.ua/y2026/r27/174/1650915/ | AM81: =IF(AJ81="","дані ще не вивантажені",IF('Бали кандидатів'!$B$7>=AJ81,"проходить","НЕ проходить за ЄВВ")) | AN81: =IF(AJ81="","дані ще не вивантажені",IF('Бали кандидатів'!$C$7>=AJ81,"проходить","НЕ проходить за ЄВВ"))
A82: F2 Інженерія ПЗ | B82: НАЦІОНАЛЬНИЙ АЕРОКОСМІЧНИЙ УНІВЕРСИТЕТ (ХАІ) | C82: Харків | D82: Харківська | E82: ТАК | F82: Фіксована | G82: ні | I82: Інженерія програмного забезпечення | J82: Програмної інженерії та бізнесу | K82: 5 | L82: 19 | M82: =IF(K82=0,"н/д",L82/K82) | N82: 26.08.2026 | O82: 0.6 | P82: 0 | Q82: 0 | R82: — | S82: — | T82: =0.2*'Бали кандидатів'!$B$6+0.2*'Бали кандидатів'!$B$7+O82*'Бали кандидатів'!$B$9+P82*'Бали кандидатів'!$B$10+Q82*'Бали кандидатів'!$B$11 | U82: =0.2*'Бали кандидатів'!$C$6+0.2*'Бали кандидатів'!$C$7+O82*'Бали кандидатів'!$C$9+P82*'Бали кандидатів'!$C$10+Q82*'Бали кандидатів'!$C$11 | V82: =IF('Бали кандидатів'!$B$14>=300,"OK","НЕ ДОПУЩЕНО") | W82: =IF('Бали кандидатів'!$C$14>=300,"OK","НЕ ДОПУЩЕНО") | X82: =IF(AND(OR(R82="—",'Бали кандидатів'!$B$9>=R82),OR(S82="—",'Бали кандидатів'!$B$10>=S82)),"проходить","НИЖЧЕ мін. балу") | Y82: =IF(AND(OR(R82="—",'Бали кандидатів'!$C$9>=R82),OR(S82="—",'Бали кандидатів'!$C$10>=S82)),"проходить","НИЖЧЕ мін. балу") | Z82: Тільки іспит зі спеціальності | AE82: https://vstup.osvita.ua/r21/34/entrance.html | AF82: https://vstup.osvita.ua/y2026/r21/34/1644813/ | AM82: =IF(AJ82="","дані ще не вивантажені",IF('Бали кандидатів'!$B$7>=AJ82,"проходить","НЕ проходить за ЄВВ")) | AN82: =IF(AJ82="","дані ще не вивантажені",IF('Бали кандидатів'!$C$7>=AJ82,"проходить","НЕ проходить за ЄВВ"))
A83: F3 Комп'ютерні науки | B83: Державний університет інформаційно-комунікаційних технологій | C83: Київ | D83: Київ | E83: ТАК | F83: Фіксована | G83: ні | I83: Комп'ютерні науки | J83: ННІ інформаційних технологій | K83: 8 | L83: 31 | M83: =IF(K83=0,"н/д",L83/K83) | N83: 26.08.2026 | O83: 0.2 | P83: 0.4 | Q83: 0 | R83: 100 | S83: 100 | T83: =0.2*'Бали кандидатів'!$B$6+0.2*'Бали кандидатів'!$B$7+O83*'Бали кандидатів'!$B$9+P83*'Бали кандидатів'!$B$10+Q83*'Бали кандидатів'!$B$11 | U83: =0.2*'Бали кандидатів'!$C$6+0.2*'Бали кандидатів'!$C$7+O83*'Бали кандидатів'!$C$9+P83*'Бали кандидатів'!$C$10+Q83*'Бали кандидатів'!$C$11 | V83: =IF('Бали кандидатів'!$B$14>=300,"OK","НЕ ДОПУЩЕНО") | W83: =IF('Бали кандидатів'!$C$14>=300,"OK","НЕ ДОПУЩЕНО") | X83: =IF(AND(OR(R83="—",'Бали кандидатів'!$B$9>=R83),OR(S83="—",'Бали кандидатів'!$B$10>=S83)),"проходить","НИЖЧЕ мін. балу") | Y83: =IF(AND(OR(R83="—",'Бали кандидатів'!$C$9>=R83),OR(S83="—",'Бали кандидатів'!$C$10>=S83)),"проходить","НИЖЧЕ мін. балу") | Z83: Дослідницька пропозиція важить більше або нарівні з іспитом | AE83: https://vstup.osvita.ua/r27/82/entrance.html | AF83: https://vstup.osvita.ua/y2026/r27/82/1647272/ | AM83: =IF(AJ83="","дані ще не вивантажені",IF('Бали кандидатів'!$B$7>=AJ83,"проходить","НЕ проходить за ЄВВ")) | AN83: =IF(AJ83="","дані ще не вивантажені",IF('Бали кандидатів'!$C$7>=AJ83,"проходить","НЕ проходить за ЄВВ"))
A84: F3 Комп'ютерні науки | B84: НУ «Одеська юридична академія» | C84: Одеса | D84: Одеська | E84: ТАК | F84: Фіксована | G84: ні | I84: Комп'ютерні науки | J84: Відділ аспірантури та докторантури | K84: 1 | L84: 4 | M84: =IF(K84=0,"н/д",L84/K84) | N84: 26.08.2026 | O84: 0.2 | P84: 0 | Q84: 0.4 | R84: — | S84: — | T84: =0.2*'Бали кандидатів'!$B$6+0.2*'Бали кандидатів'!$B$7+O84*'Бали кандидатів'!$B$9+P84*'Бали кандидатів'!$B$10+Q84*'Бали кандидатів'!$B$11 | U84: =0.2*'Бали кандидатів'!$C$6+0.2*'Бали кандидатів'!$C$7+O84*'Бали кандидатів'!$C$9+P84*'Бали кандидатів'!$C$10+Q84*'Бали кандидатів'!$C$11 | V84: =IF('Бали кандидатів'!$B$14>=300,"OK","НЕ ДОПУЩЕНО") | W84: =IF('Бали кандидатів'!$C$14>=300,"OK","НЕ ДОПУЩЕНО") | X84: =IF(AND(OR(R84="—",'Бали кандидатів'!$B$9>=R84),OR(S84="—",'Бали кандидатів'!$B$10>=S84)),"проходить","НИЖЧЕ мін. балу") | Y84: =IF(AND(OR(R84="—",'Бали кандидатів'!$C$9>=R84),OR(S84="—",'Бали кандидатів'!$C$10>=S84)),"проходить","НИЖЧЕ мін. балу") | Z84: Іспит + філософія | AA84: ДВА додаткові іспити: окрема іноземна мова (0.20, мін.100) + ФІЛОСОФІЯ (0.20, мін.100) | AE84: https://vstup.osvita.ua/r16/192/entrance.html | AF84: https://vstup.osvita.ua/y2026/r16/192/1652243/ | AM84: =IF(AJ84="","дані ще не вивантажені",IF('Бали кандидатів'!$B$7>=AJ84,"проходить","НЕ проходить за ЄВВ")) | AN84: =IF(AJ84="","дані ще не вивантажені",IF('Бали кандидатів'!$C$7>=AJ84,"проходить","НЕ проходить за ЄВВ"))
A85: F4 Системний аналіз | B85: Державний торговельно-економічний університет | C85: Київ | D85: Київ | E85: ТАК | F85: Фіксована | G85: ні | I85: Системний аналіз та наука про дані | K85: 3 | L85: 12 | M85: =IF(K85=0,"н/д",L85/K85) | N85: 26.08.2026 | O85: ? | P85: ? | Q85: ? | R85: ? | S85: ? | T85: ваги невідомі | U85: ваги невідомі | V85: =IF('Бали кандидатів'!$B$14>=300,"OK","НЕ ДОПУЩЕНО") | W85: =IF('Бали кандидатів'!$C$14>=300,"OK","НЕ ДОПУЩЕНО") | X85: — | Y85: — | Z85: ваги не зчитані — уточнити на сторінці пропозиції | AA85: Складові конкурсного бала у вихідних даних відсутні — відкрити «Детальніше» на сторінці ЗВО | AE85: https://vstup.osvita.ua/r27/6594/entrance.html | AF85: https://vstup.osvita.ua/r27/6594/ | AM85: =IF(AJ85="","дані ще не вивантажені",IF('Бали кандидатів'!$B$7>=AJ85,"проходить","НЕ проходить за ЄВВ")) | AN85: =IF(AJ85="","дані ще не вивантажені",IF('Бали кандидатів'!$C$7>=AJ85,"проходить","НЕ проходить за ЄВВ"))
A86: F3 Комп'ютерні науки | B86: Київський національний університет ім. Т. Шевченка | C86: Київ | D86: Київ | E86: ТАК | F86: Фіксована | G86: ні | I86: Комп'ютерні науки | J86: Комп'ютерних наук та кібернетики | K86: 11 | L86: 45 | M86: =IF(K86=0,"н/д",L86/K86) | N86: 26.08.2026 | O86: 0.6 | P86: 0 | Q86: 0 | R86: 100 | S86: — | T86: =0.2*'Бали кандидатів'!$B$6+0.2*'Бали кандидатів'!$B$7+O86*'Бали кандидатів'!$B$9+P86*'Бали кандидатів'!$B$10+Q86*'Бали кандидатів'!$B$11 | U86: =0.2*'Бали кандидатів'!$C$6+0.2*'Бали кандидатів'!$C$7+O86*'Бали кандидатів'!$C$9+P86*'Бали кандидатів'!$C$10+Q86*'Бали кандидатів'!$C$11 | V86: =IF('Бали кандидатів'!$B$14>=300,"OK","НЕ ДОПУЩЕНО") | W86: =IF('Бали кандидатів'!$C$14>=300,"OK","НЕ ДОПУЩЕНО") | X86: =IF(AND(OR(R86="—",'Бали кандидатів'!$B$9>=R86),OR(S86="—",'Бали кандидатів'!$B$10>=S86)),"проходить","НИЖЧЕ мін. балу") | Y86: =IF(AND(OR(R86="—",'Бали кандидатів'!$C$9>=R86),OR(S86="—",'Бали кандидатів'!$C$10>=S86)),"проходить","НИЖЧЕ мін. балу") | Z86: Тільки іспит зі спеціальності | AE86: https://vstup.osvita.ua/r27/41/entrance.html | AF86: https://vstup.osvita.ua/y2026/r27/41/1649256/ | AM86: =IF(AJ86="","дані ще не вивантажені",IF('Бали кандидатів'!$B$7>=AJ86,"проходить","НЕ проходить за ЄВВ")) | AN86: =IF(AJ86="","дані ще не вивантажені",IF('Бали кандидатів'!$C$7>=AJ86,"проходить","НЕ проходить за ЄВВ"))
A87: F3 Комп'ютерні науки | B87: КПІ ім. Ігоря Сікорського | C87: Київ | D87: Київ | E87: ТАК | F87: Фіксована | G87: ні | I87: Комп'ютерні науки | J87: ННІ атомної та теплової енергетики | K87: 5 | L87: 21 | M87: =IF(K87=0,"н/д",L87/K87) | N87: 26.08.2026 | O87: 0.6 | P87: 0 | Q87: 0 | R87: — | S87: — | T87: =0.2*'Бали кандидатів'!$B$6+0.2*'Бали кандидатів'!$B$7+O87*'Бали кандидатів'!$B$9+P87*'Бали кандидатів'!$B$10+Q87*'Бали кандидатів'!$B$11 | U87: =0.2*'Бали кандидатів'!$C$6+0.2*'Бали кандидатів'!$C$7+O87*'Бали кандидатів'!$C$9+P87*'Бали кандидатів'!$C$10+Q87*'Бали кандидатів'!$C$11 | V87: =IF('Бали кандидатів'!$B$14>=300,"OK","НЕ ДОПУЩЕНО") | W87: =IF('Бали кандидатів'!$C$14>=300,"OK","НЕ ДОПУЩЕНО") | X87: =IF(AND(OR(R87="—",'Бали кандидатів'!$B$9>=R87),OR(S87="—",'Бали кандидатів'!$B$10>=S87)),"проходить","НИЖЧЕ мін. балу") | Y87: =IF(AND(OR(R87="—",'Бали кандидатів'!$C$9>=R87),OR(S87="—",'Бали кандидатів'!$C$10>=S87)),"проходить","НИЖЧЕ мін. балу") | Z87: Тільки іспит зі спеціальності | AE87: https://vstup.osvita.ua/r27/174/entrance.html | AF87: https://vstup.osvita.ua/y2026/r27/174/1650612/ | AM87: =IF(AJ87="","дані ще не вивантажені",IF('Бали кандидатів'!$B$7>=AJ87,"проходить","НЕ проходить за ЄВВ")) | AN87: =IF(AJ87="","дані ще не вивантажені",IF('Бали кандидатів'!$C$7>=AJ87,"проходить","НЕ проходить за ЄВВ"))
A88: F3 Комп'ютерні науки | B88: Інститут проблем реєстрації інформації НАНУ | C88: Київ | D88: Київ | E88: ТАК | F88: Фіксована | G88: ні | I88: Комп'ютерні науки | K88: 2 | L88: 9 | M88: =IF(K88=0,"н/д",L88/K88) | N88: 26.08.2026 | O88: 0.4 | P88: 0.2 | Q88: 0 | R88: — | S88: 150 | T88: =0.2*'Бали кандидатів'!$B$6+0.2*'Бали кандидатів'!$B$7+O88*'Бали кандидатів'!$B$9+P88*'Бали кандидатів'!$B$10+Q88*'Бали кандидатів'!$B$11 | U88: =0.2*'Бали кандидатів'!$C$6+0.2*'Бали кандидатів'!$C$7+O88*'Бали кандидатів'!$C$9+P88*'Бали кандидатів'!$C$10+Q88*'Бали кандидатів'!$C$11 | V88: =IF('Бали кандидатів'!$B$14>=300,"OK","НЕ ДОПУЩЕНО") | W88: =IF('Бали кандидатів'!$C$14>=300,"OK","НЕ ДОПУЩЕНО") | X88: =IF(AND(OR(R88="—",'Бали кандидатів'!$B$9>=R88),OR(S88="—",'Бали кандидатів'!$B$10>=S88)),"проходить","НИЖЧЕ мін. балу") | Y88: =IF(AND(OR(R88="—",'Бали кандидатів'!$C$9>=R88),OR(S88="—",'Бали кандидатів'!$C$10>=S88)),"проходить","НИЖЧЕ мін. балу") | Z88: Іспит + дослідницька пропозиція | AE88: https://vstup.osvita.ua/r27/3908/entrance.html | AF88: https://vstup.osvita.ua/y2026/r27/3908/1658025/ | AM88: =IF(AJ88="","дані ще не вивантажені",IF('Бали кандидатів'!$B$7>=AJ88,"проходить","НЕ проходить за ЄВВ")) | AN88: =IF(AJ88="","дані ще не вивантажені",IF('Бали кандидатів'!$C$7>=AJ88,"проходить","НЕ проходить за ЄВВ"))
A89: F2 Інженерія ПЗ | B89: НТУ «Дніпровська політехніка» | C89: Дніпро | D89: Дніпропетровська | E89: ТАК | F89: Фіксована | G89: ні | I89: Інженерія програмного забезпечення | J89: Аспірантура і докторантура | K89: 4 | L89: 18 | M89: =IF(K89=0,"н/д",L89/K89) | N89: 26.08.2026 | O89: 0.6 | P89: 0 | Q89: 0 | R89: — | S89: — | T89: =0.2*'Бали кандидатів'!$B$6+0.2*'Бали кандидатів'!$B$7+O89*'Бали кандидатів'!$B$9+P89*'Бали кандидатів'!$B$10+Q89*'Бали кандидатів'!$B$11 | U89: =0.2*'Бали кандидатів'!$C$6+0.2*'Бали кандидатів'!$C$7+O89*'Бали кандидатів'!$C$9+P89*'Бали кандидатів'!$C$10+Q89*'Бали кандидатів'!$C$11 | V89: =IF('Бали кандидатів'!$B$14>=300,"OK","НЕ ДОПУЩЕНО") | W89: =IF('Бали кандидатів'!$C$14>=300,"OK","НЕ ДОПУЩЕНО") | X89: =IF(AND(OR(R89="—",'Бали кандидатів'!$B$9>=R89),OR(S89="—",'Бали кандидатів'!$B$10>=S89)),"проходить","НИЖЧЕ мін. балу") | Y89: =IF(AND(OR(R89="—",'Бали кандидатів'!$C$9>=R89),OR(S89="—",'Бали кандидатів'!$C$10>=S89)),"проходить","НИЖЧЕ мін. балу") | Z89: Тільки іспит зі спеціальності | AE89: https://vstup.osvita.ua/r5/36/entrance.html | AF89: https://vstup.osvita.ua/y2026/r5/36/1643086/ | AM89: =IF(AJ89="","дані ще не вивантажені",IF('Бали кандидатів'!$B$7>=AJ89,"проходить","НЕ проходить за ЄВВ")) | AN89: =IF(AJ89="","дані ще не вивантажені",IF('Бали кандидатів'!$C$7>=AJ89,"проходить","НЕ проходить за ЄВВ"))
A90: F3 Комп'ютерні науки | B90: Київський національний університет технологій та дизайну | C90: Київ | D90: Київ | E90: ТАК | F90: Фіксована | G90: ні | I90: Комп'ютерні науки | J90: Міжнародний інститут аспірантури і докторантури | K90: 5 | L90: 23 | M90: =IF(K90=0,"н/д",L90/K90) | N90: 25.08.2026 (застаріле) | O90: 0.3 | P90: 0.3 | Q90: 0 | R90: 100 | S90: 100 | T90: =0.2*'Бали кандидатів'!$B$6+0.2*'Бали кандидатів'!$B$7+O90*'Бали кандидатів'!$B$9+P90*'Бали кандидатів'!$B$10+Q90*'Бали кандидатів'!$B$11 | U90: =0.2*'Бали кандидатів'!$C$6+0.2*'Бали кандидатів'!$C$7+O90*'Бали кандидатів'!$C$9+P90*'Бали кандидатів'!$C$10+Q90*'Бали кандидатів'!$C$11 | V90: =IF('Бали кандидатів'!$B$14>=300,"OK","НЕ ДОПУЩЕНО") | W90: =IF('Бали кандидатів'!$C$14>=300,"OK","НЕ ДОПУЩЕНО") | X90: =IF(AND(OR(R90="—",'Бали кандидатів'!$B$9>=R90),OR(S90="—",'Бали кандидатів'!$B$10>=S90)),"проходить","НИЖЧЕ мін. балу") | Y90: =IF(AND(OR(R90="—",'Бали кандидатів'!$C$9>=R90),OR(S90="—",'Бали кандидатів'!$C$10>=S90)),"проходить","НИЖЧЕ мін. балу") | Z90: Дослідницька пропозиція важить більше або нарівні з іспитом | AE90: https://vstup.osvita.ua/r27/307/entrance.html | AF90: https://vstup.osvita.ua/y2026/r27/307/1652664/ | AM90: =IF(AJ90="","дані ще не вивантажені",IF('Бали кандидатів'!$B$7>=AJ90,"проходить","НЕ проходить за ЄВВ")) | AN90: =IF(AJ90="","дані ще не вивантажені",IF('Бали кандидатів'!$C$7>=AJ90,"проходить","НЕ проходить за ЄВВ"))
A91: F2 Інженерія ПЗ | B91: Київський національний університет ім. Т. Шевченка | C91: Київ | D91: Київ | E91: ТАК | F91: Фіксована | G91: ні | I91: Інженерія програмного забезпечення | J91: Комп'ютерних наук та кібернетики | K91: 7 | L91: 33 | M91: =IF(K91=0,"н/д",L91/K91) | N91: 26.08.2026 | O91: 0.6 | P91: 0 | Q91: 0 | R91: 100 | S91: — | T91: =0.2*'Бали кандидатів'!$B$6+0.2*'Бали кандидатів'!$B$7+O91*'Бали кандидатів'!$B$9+P91*'Бали кандидатів'!$B$10+Q91*'Бали кандидатів'!$B$11 | U91: =0.2*'Бали кандидатів'!$C$6+0.2*'Бали кандидатів'!$C$7+O91*'Бали кандидатів'!$C$9+P91*'Бали кандидатів'!$C$10+Q91*'Бали кандидатів'!$C$11 | V91: =IF('Бали кандидатів'!$B$14>=300,"OK","НЕ ДОПУЩЕНО") | W91: =IF('Бали кандидатів'!$C$14>=300,"OK","НЕ ДОПУЩЕНО") | X91: =IF(AND(OR(R91="—",'Бали кандидатів'!$B$9>=R91),OR(S91="—",'Бали кандидатів'!$B$10>=S91)),"проходить","НИЖЧЕ мін. балу") | Y91: =IF(AND(OR(R91="—",'Бали кандидатів'!$C$9>=R91),OR(S91="—",'Бали кандидатів'!$C$10>=S91)),"проходить","НИЖЧЕ мін. балу") | Z91: Тільки іспит зі спеціальності | AE91: https://vstup.osvita.ua/r27/41/entrance.html | AF91: https://vstup.osvita.ua/y2026/r27/41/1649184/ | AM91: =IF(AJ91="","дані ще не вивантажені",IF('Бали кандидатів'!$B$7>=AJ91,"проходить","НЕ проходить за ЄВВ")) | AN91: =IF(AJ91="","дані ще не вивантажені",IF('Бали кандидатів'!$C$7>=AJ91,"проходить","НЕ проходить за ЄВВ"))
A92: F3 Комп'ютерні науки | B92: Центральноукраїнський національний технічний університет | C92: Кропивницький | D92: Кіровоградська | E92: ТАК | F92: Фіксована | G92: ні | I92: Комп'ютерні науки | K92: 4 | L92: 20 | M92: =IF(K92=0,"н/д",L92/K92) | N92: 26.08.2026 | O92: 0.6 | P92: 0 | Q92: 0 | R92: — | S92: — | T92: =0.2*'Бали кандидатів'!$B$6+0.2*'Бали кандидатів'!$B$7+O92*'Бали кандидатів'!$B$9+P92*'Бали кандидатів'!$B$10+Q92*'Бали кандидатів'!$B$11 | U92: =0.2*'Бали кандидатів'!$C$6+0.2*'Бали кандидатів'!$C$7+O92*'Бали кандидатів'!$C$9+P92*'Бали кандидатів'!$C$10+Q92*'Бали кандидатів'!$C$11 | V92: =IF('Бали кандидатів'!$B$14>=300,"OK","НЕ ДОПУЩЕНО") | W92: =IF('Бали кандидатів'!$C$14>=300,"OK","НЕ ДОПУЩЕНО") | X92: =IF(AND(OR(R92="—",'Бали кандидатів'!$B$9>=R92),OR(S92="—",'Бали кандидатів'!$B$10>=S92)),"проходить","НИЖЧЕ мін. балу") | Y92: =IF(AND(OR(R92="—",'Бали кандидатів'!$C$9>=R92),OR(S92="—",'Бали кандидатів'!$C$10>=S92)),"проходить","НИЖЧЕ мін. балу") | Z92: Тільки іспит зі спеціальності | AA92: Презентація передбачена, але з вагою 0 — на бал не впливає | AE92: https://vstup.osvita.ua/r12/90/entrance.html | AF92: https://vstup.osvita.ua/y2026/r12/90/1653154/ | AM92: =IF(AJ92="","дані ще не вивантажені",IF('Бали кандидатів'!$B$7>=AJ92,"проходить","НЕ проходить за ЄВВ")) | AN92: =IF(AJ92="","дані ще не вивантажені",IF('Бали кандидатів'!$C$7>=AJ92,"проходить","НЕ проходить за ЄВВ"))
A93: F3 Комп'ютерні науки | B93: Вінницький національний технічний університет | C93: Вінниця | D93: Вінницька | E93: ТАК | F93: Фіксована | G93: ні | I93: Комп'ютерні науки | J93: Інститут докторантури та аспірантури | K93: 5 | L93: 26 | M93: =IF(K93=0,"н/д",L93/K93) | N93: 26.08.2026 | O93: 0.6 | P93: 0 | Q93: 0 | R93: 140 | S93: — | T93: =0.2*'Бали кандидатів'!$B$6+0.2*'Бали кандидатів'!$B$7+O93*'Бали кандидатів'!$B$9+P93*'Бали кандидатів'!$B$10+Q93*'Бали кандидатів'!$B$11 | U93: =0.2*'Бали кандидатів'!$C$6+0.2*'Бали кандидатів'!$C$7+O93*'Бали кандидатів'!$C$9+P93*'Бали кандидатів'!$C$10+Q93*'Бали кандидатів'!$C$11 | V93: =IF('Бали кандидатів'!$B$14>=300,"OK","НЕ ДОПУЩЕНО") | W93: =IF('Бали кандидатів'!$C$14>=300,"OK","НЕ ДОПУЩЕНО") | X93: =IF(AND(OR(R93="—",'Бали кандидатів'!$B$9>=R93),OR(S93="—",'Бали кандидатів'!$B$10>=S93)),"проходить","НИЖЧЕ мін. балу") | Y93: =IF(AND(OR(R93="—",'Бали кандидатів'!$C$9>=R93),OR(S93="—",'Бали кандидатів'!$C$10>=S93)),"проходить","НИЖЧЕ мін. балу") | Z93: Тільки іспит зі спеціальності | AE93: https://vstup.osvita.ua/r3/137/entrance.html | AF93: https://vstup.osvita.ua/y2026/r3/137/1642725/ | AM93: =IF(AJ93="","дані ще не вивантажені",IF('Бали кандидатів'!$B$7>=AJ93,"проходить","НЕ проходить за ЄВВ")) | AN93: =IF(AJ93="","дані ще не вивантажені",IF('Бали кандидатів'!$C$7>=AJ93,"проходить","НЕ проходить за ЄВВ"))
A94: F2 Інженерія ПЗ | B94: Чернівецький національний університет ім. Ю. Федьковича | C94: Чернівці | D94: Чернівецька | E94: ТАК | F94: Фіксована | G94: ні | I94: Інженерія програмного забезпечення | J94: ННІ фізико-технічних та комп'ютерних наук | K94: 8 | L94: 42 | M94: =IF(K94=0,"н/д",L94/K94) | N94: 26.08.2026 | O94: 0.6 | P94: 0 | Q94: 0 | R94: 100 | S94: — | T94: =0.2*'Бали кандидатів'!$B$6+0.2*'Бали кандидатів'!$B$7+O94*'Бали кандидатів'!$B$9+P94*'Бали кандидатів'!$B$10+Q94*'Бали кандидатів'!$B$11 | U94: =0.2*'Бали кандидатів'!$C$6+0.2*'Бали кандидатів'!$C$7+O94*'Бали кандидатів'!$C$9+P94*'Бали кандидатів'!$C$10+Q94*'Бали кандидатів'!$C$11 | V94: =IF('Бали кандидатів'!$B$14>=300,"OK","НЕ ДОПУЩЕНО") | W94: =IF('Бали кандидатів'!$C$14>=300,"OK","НЕ ДОПУЩЕНО") | X94: =IF(AND(OR(R94="—",'Бали кандидатів'!$B$9>=R94),OR(S94="—",'Бали кандидатів'!$B$10>=S94)),"проходить","НИЖЧЕ мін. балу") | Y94: =IF(AND(OR(R94="—",'Бали кандидатів'!$C$9>=R94),OR(S94="—",'Бали кандидатів'!$C$10>=S94)),"проходить","НИЖЧЕ мін. балу") | Z94: Тільки іспит зі спеціальності | AE94: https://vstup.osvita.ua/r25/61/entrance.html | AF94: https://vstup.osvita.ua/y2026/r25/61/1647315/ | AM94: =IF(AJ94="","дані ще не вивантажені",IF('Бали кандидатів'!$B$7>=AJ94,"проходить","НЕ проходить за ЄВВ")) | AN94: =IF(AJ94="","дані ще не вивантажені",IF('Бали кандидатів'!$C$7>=AJ94,"проходить","НЕ проходить за ЄВВ"))
A95: F3 Комп'ютерні науки | B95: Чорноморський національний університет ім. П. Могили | C95: Миколаїв | D95: Миколаївська | E95: ТАК | F95: Фіксована | G95: ні | I95: Комп'ютерні науки | J95: Аспірантура | K95: 2 | L95: 11 | M95: =IF(K95=0,"н/д",L95/K95) | N95: 25.08.2026 (застаріле) | O95: 0.6 | P95: 0 | Q95: 0 | R95: — | S95: — | T95: =0.2*'Бали кандидатів'!$B$6+0.2*'Бали кандидатів'!$B$7+O95*'Бали кандидатів'!$B$9+P95*'Бали кандидатів'!$B$10+Q95*'Бали кандидатів'!$B$11 | U95: =0.2*'Бали кандидатів'!$C$6+0.2*'Бали кандидатів'!$C$7+O95*'Бали кандидатів'!$C$9+P95*'Бали кандидатів'!$C$10+Q95*'Бали кандидатів'!$C$11 | V95: =IF('Бали кандидатів'!$B$14>=300,"OK","НЕ ДОПУЩЕНО") | W95: =IF('Бали кандидатів'!$C$14>=300,"OK","НЕ ДОПУЩЕНО") | X95: =IF(AND(OR(R95="—",'Бали кандидатів'!$B$9>=R95),OR(S95="—",'Бали кандидатів'!$B$10>=S95)),"проходить","НИЖЧЕ мін. балу") | Y95: =IF(AND(OR(R95="—",'Бали кандидатів'!$C$9>=R95),OR(S95="—",'Бали кандидатів'!$C$10>=S95)),"проходить","НИЖЧЕ мін. балу") | Z95: Тільки іспит зі спеціальності | AE95: https://vstup.osvita.ua/r15/265/entrance.html | AF95: https://vstup.osvita.ua/y2026/r15/265/1649164/ | AM95: =IF(AJ95="","дані ще не вивантажені",IF('Бали кандидатів'!$B$7>=AJ95,"проходить","НЕ проходить за ЄВВ")) | AN95: =IF(AJ95="","дані ще не вивантажені",IF('Бали кандидатів'!$C$7>=AJ95,"проходить","НЕ проходить за ЄВВ"))
A96: F3 Комп'ютерні науки | B96: Національний університет біоресурсів і природокористування | C96: Київ | D96: Київ | E96: ТАК | F96: Фіксована | G96: ні | I96: Інформаційні технології | J96: Факультет інформаційних технологій | K96: 5 | L96: 28 | M96: =IF(K96=0,"н/д",L96/K96) | N96: 26.08.2026 | O96: 0.6 | P96: 0 | Q96: 0 | R96: — | S96: — | T96: =0.2*'Бали кандидатів'!$B$6+0.2*'Бали кандидатів'!$B$7+O96*'Бали кандидатів'!$B$9+P96*'Бали кандидатів'!$B$10+Q96*'Бали кандидатів'!$B$11 | U96: =0.2*'Бали кандидатів'!$C$6+0.2*'Бали кандидатів'!$C$7+O96*'Бали кандидатів'!$C$9+P96*'Бали кандидатів'!$C$10+Q96*'Бали кандидатів'!$C$11 | V96: =IF('Бали кандидатів'!$B$14>=300,"OK","НЕ ДОПУЩЕНО") | W96: =IF('Бали кандидатів'!$C$14>=300,"OK","НЕ ДОПУЩЕНО") | X96: =IF(AND(OR(R96="—",'Бали кандидатів'!$B$9>=R96),OR(S96="—",'Бали кандидатів'!$B$10>=S96)),"проходить","НИЖЧЕ мін. балу") | Y96: =IF(AND(OR(R96="—",'Бали кандидатів'!$C$9>=R96),OR(S96="—",'Бали кандидатів'!$C$10>=S96)),"проходить","НИЖЧЕ мін. балу") | Z96: Тільки іспит зі спеціальності | AE96: https://vstup.osvita.ua/r27/7/entrance.html | AF96: https://vstup.osvita.ua/y2026/r27/7/1652535/ | AM96: =IF(AJ96="","дані ще не вивантажені",IF('Бали кандидатів'!$B$7>=AJ96,"проходить","НЕ проходить за ЄВВ")) | AN96: =IF(AJ96="","дані ще не вивантажені",IF('Бали кандидатів'!$C$7>=AJ96,"проходить","НЕ проходить за ЄВВ"))
A97: F3 Комп'ютерні науки | B97: НУ «Київський авіаційний інститут» | C97: Київ | D97: Київ | E97: ТАК | F97: Фіксована | G97: ні | I97: Комп'ютерні науки | J97: Комп'ютерних наук та технологій | K97: 3 | L97: 17 | M97: =IF(K97=0,"н/д",L97/K97) | N97: 26.08.2026 | O97: 0.2 | P97: 0.4 | Q97: 0 | R97: 100 | S97: 100 | T97: =0.2*'Бали кандидатів'!$B$6+0.2*'Бали кандидатів'!$B$7+O97*'Бали кандидатів'!$B$9+P97*'Бали кандидатів'!$B$10+Q97*'Бали кандидатів'!$B$11 | U97: =0.2*'Бали кандидатів'!$C$6+0.2*'Бали кандидатів'!$C$7+O97*'Бали кандидатів'!$C$9+P97*'Бали кандидатів'!$C$10+Q97*'Бали кандидатів'!$C$11 | V97: =IF('Бали кандидатів'!$B$14>=300,"OK","НЕ ДОПУЩЕНО") | W97: =IF('Бали кандидатів'!$C$14>=300,"OK","НЕ ДОПУЩЕНО") | X97: =IF(AND(OR(R97="—",'Бали кандидатів'!$B$9>=R97),OR(S97="—",'Бали кандидатів'!$B$10>=S97)),"проходить","НИЖЧЕ мін. балу") | Y97: =IF(AND(OR(R97="—",'Бали кандидатів'!$C$9>=R97),OR(S97="—",'Бали кандидатів'!$C$10>=S97)),"проходить","НИЖЧЕ мін. балу") | Z97: Дослідницька пропозиція важить більше або нарівні з іспитом | AE97: https://vstup.osvita.ua/r27/7208/entrance.html | AF97: https://vstup.osvita.ua/y2026/r27/7208/1652697/ | AM97: =IF(AJ97="","дані ще не вивантажені",IF('Бали кандидатів'!$B$7>=AJ97,"проходить","НЕ проходить за ЄВВ")) | AN97: =IF(AJ97="","дані ще не вивантажені",IF('Бали кандидатів'!$C$7>=AJ97,"проходить","НЕ проходить за ЄВВ"))
A98: F2 Інженерія ПЗ | B98: Вінницький національний технічний університет | C98: Вінниця | D98: Вінницька | E98: ТАК | F98: Фіксована | G98: ні | I98: Інженерія програмного забезпечення | J98: Інститут докторантури та аспірантури | K98: 3 | L98: 17 | M98: =IF(K98=0,"н/д",L98/K98) | N98: 26.08.2026 | O98: 0.6 | P98: 0 | Q98: 0 | R98: 140 | S98: — | T98: =0.2*'Бали кандидатів'!$B$6+0.2*'Бали кандидатів'!$B$7+O98*'Бали кандидатів'!$B$9+P98*'Бали кандидатів'!$B$10+Q98*'Бали кандидатів'!$B$11 | U98: =0.2*'Бали кандидатів'!$C$6+0.2*'Бали кандидатів'!$C$7+O98*'Бали кандидатів'!$C$9+P98*'Бали кандидатів'!$C$10+Q98*'Бали кандидатів'!$C$11 | V98: =IF('Бали кандидатів'!$B$14>=300,"OK","НЕ ДОПУЩЕНО") | W98: =IF('Бали кандидатів'!$C$14>=300,"OK","НЕ ДОПУЩЕНО") | X98: =IF(AND(OR(R98="—",'Бали кандидатів'!$B$9>=R98),OR(S98="—",'Бали кандидатів'!$B$10>=S98)),"проходить","НИЖЧЕ мін. балу") | Y98: =IF(AND(OR(R98="—",'Бали кандидатів'!$C$9>=R98),OR(S98="—",'Бали кандидатів'!$C$10>=S98)),"проходить","НИЖЧЕ мін. балу") | Z98: Тільки іспит зі спеціальності | AE98: https://vstup.osvita.ua/r3/137/entrance.html | AF98: https://vstup.osvita.ua/y2026/r3/137/1642724/ | AM98: =IF(AJ98="","дані ще не вивантажені",IF('Бали кандидатів'!$B$7>=AJ98,"проходить","НЕ проходить за ЄВВ")) | AN98: =IF(AJ98="","дані ще не вивантажені",IF('Бали кандидатів'!$C$7>=AJ98,"проходить","НЕ проходить за ЄВВ"))
A99: F3 Комп'ютерні науки | B99: Хмельницький національний університет | C99: Хмельницький | D99: Хмельницька | E99: ТАК | F99: Фіксована | G99: ні | I99: Комп'ютерні науки | J99: Відділ аспірантури та докторантури | K99: 3 | L99: 18 | M99: =IF(K99=0,"н/д",L99/K99) | N99: 25.08.2026 (застаріле) | O99: 0.4 | P99: 0.2 | Q99: 0 | R99: 100 | S99: 100 | T99: =0.2*'Бали кандидатів'!$B$6+0.2*'Бали кандидатів'!$B$7+O99*'Бали кандидатів'!$B$9+P99*'Бали кандидатів'!$B$10+Q99*'Бали кандидатів'!$B$11 | U99: =0.2*'Бали кандидатів'!$C$6+0.2*'Бали кандидатів'!$C$7+O99*'Бали кандидатів'!$C$9+P99*'Бали кандидатів'!$C$10+Q99*'Бали кандидатів'!$C$11 | V99: =IF('Бали кандидатів'!$B$14>=300,"OK","НЕ ДОПУЩЕНО") | W99: =IF('Бали кандидатів'!$C$14>=300,"OK","НЕ ДОПУЩЕНО") | X99: =IF(AND(OR(R99="—",'Бали кандидатів'!$B$9>=R99),OR(S99="—",'Бали кандидатів'!$B$10>=S99)),"проходить","НИЖЧЕ мін. балу") | Y99: =IF(AND(OR(R99="—",'Бали кандидатів'!$C$9>=R99),OR(S99="—",'Бали кандидатів'!$C$10>=S99)),"проходить","НИЖЧЕ мін. балу") | Z99: Іспит + дослідницька пропозиція | AE99: https://vstup.osvita.ua/r23/138/entrance.html | AF99: https://vstup.osvita.ua/y2026/r23/138/1650371/ | AM99: =IF(AJ99="","дані ще не вивантажені",IF('Бали кандидатів'!$B$7>=AJ99,"проходить","НЕ проходить за ЄВВ")) | AN99: =IF(AJ99="","дані ще не вивантажені",IF('Бали кандидатів'!$C$7>=AJ99,"проходить","НЕ проходить за ЄВВ"))
A100: F3 Комп'ютерні науки | B100: Київська школа економіки (KSE) | C100: Київ | D100: Київ | E100: ТАК | F100: Фіксована | G100: ні | I100: Комп'ютерні науки | J100: Факультет комп'ютерних наук | K100: 2 | L100: 13 | M100: =IF(K100=0,"н/д",L100/K100) | N100: 26.08.2026 | O100: 0.6 | P100: 0 | Q100: 0 | R100: 100 | S100: — | T100: =0.2*'Бали кандидатів'!$B$6+0.2*'Бали кандидатів'!$B$7+O100*'Бали кандидатів'!$B$9+P100*'Бали кандидатів'!$B$10+Q100*'Бали кандидатів'!$B$11 | U100: =0.2*'Бали кандидатів'!$C$6+0.2*'Бали кандидатів'!$C$7+O100*'Бали кандидатів'!$C$9+P100*'Бали кандидатів'!$C$10+Q100*'Бали кандидатів'!$C$11 | V100: =IF('Бали кандидатів'!$B$14>=300,"OK","НЕ ДОПУЩЕНО") | W100: =IF('Бали кандидатів'!$C$14>=300,"OK","НЕ ДОПУЩЕНО") | X100: =IF(AND(OR(R100="—",'Бали кандидатів'!$B$9>=R100),OR(S100="—",'Бали кандидатів'!$B$10>=S100)),"проходить","НИЖЧЕ мін. балу") | Y100: =IF(AND(OR(R100="—",'Бали кандидатів'!$C$9>=R100),OR(S100="—",'Бали кандидатів'!$C$10>=S100)),"проходить","НИЖЧЕ мін. балу") | Z100: Тільки іспит зі спеціальності | AA100: Підвищений мін. бал за ЄВІ-іноземну: 150 | AE100: https://vstup.osvita.ua/r27/3924/entrance.html | AF100: https://vstup.osvita.ua/y2026/r27/3924/1651260/ | AM100: =IF(AJ100="","дані ще не вивантажені",IF('Бали кандидатів'!$B$7>=AJ100,"проходить","НЕ проходить за ЄВВ")) | AN100: =IF(AJ100="","дані ще не вивантажені",IF('Бали кандидатів'!$C$7>=AJ100,"проходить","НЕ проходить за ЄВВ"))
...

Sheet Держзамовлення 2026
A1: БЮДЖЕТНІ МІСЦЯ В АСПІРАНТУРУ 2026 — що відомо офіційно
A3: Постанова КМУ від 13.07.2026 № 906. Усього на підготовку аспірантів — 6 073 бюджетні місця (у 2025 було 6 189). Розподіл ЗА ГАЛУЗЯМИ оприлюднено; розподіл МІЖ ЗАКЛАДАМИ здійснює конкурсна комісія МОН за формулою — торік це сталося аж 15 вересня, тобто вже після закриття подачі заяв.
A5: Галузь знань | B5: Бюджетних місць
A6: Інженерія, виробництво та будівництво | B6: 1616
A7: Природничі науки, математика та статистика | B7: 901
A8: Інформаційні технології ← сюди входить F3 Комп'ютерні науки | B8: 769
A9: Охорона здоров'я та соціальне забезпечення | B9: 548
A10: Соціальні науки, журналістика, інформація та міжнародні відносини | B10: 489
A11: Культура, мистецтво та гуманітарні науки | B11: 437
A12: Освіта | B12: 385
A13: Сільське, лісове, рибне господарство та ветеринарна медицина | B13: 366
A14: Бізнес, адміністрування та право | B14: 354
A15: Безпека та оборона | B15: 108
A16: Транспорт та послуги | B16: 100
A17: РАЗОМ | B17: =SUM(B6:B16)
A19: ЩО З ЦЬОГО ВИПЛИВАЄ ДЛЯ F3
A20: 769 місць — це на ВСЮ галузь «Інформаційні технології», а в ній сім спеціальностей: F1 Прикладна математика, F2 Інженерія ПЗ, F3 Комп'ютерні науки, F4 Системний аналіз, F5 Кібербезпека, F6 Інформаційні системи, F7 Комп'ютерна інженерія.
A21: Отже на F3 по всій Україні реально припадає помітно менше за 769 — і суттєво менше за 538 ліцензованих місць, які показує другий аркуш.
A22: На вступні випробування до аспірантури цьогоріч зареєструвалося понад 20 тис. осіб (на чверть більше, ніж торік) на 6 073 місця — приблизно 3,3 претендента на місце по країні.
A23: Вступ на денну форму на контракт неможливий — денна лише за держзамовленням.
A24: Скільки місць отримає конкретний ЗВО за галуззю IT — стане відомо ближче до середини вересня, тобто ВЖЕ ПІСЛЯ того, як ви подасте заяви (дедлайн 7 вересня). Це не помилка даних, а порядок процесу.
A25: Практичний висновок: подавайте всі 5 бюджетних заяв і не покладайтеся на одну «безпечну» пропозицію — кількість місць у ній на момент подачі ще не визначена.
A26: Джерела: Постанова КМУ № 906 від 13.07.2026; МОН, наказ № 863 від 17.06.2025 про критерії розподілу.

Sheet Джерела
A1: ДЖЕРЕЛА — усе, звідки взято дані в цьому файлі
A3: Перевірено 25.08.2026. Дані вступної кампанії змінюються щодня — перед подачею звіряйте.
A5: Що саме звідти взято | B5: Посилання | C5: Статус
A6: ОФІЦІЙНІ ДОКУМЕНТИ
A7: Правила прийому до ЛНУ ім. Франка 2026 (повний текст, PDF): формула КБ, умови дистанційного складання, ліміт заяв | B7: https://admission.lnu.edu.ua/wp-content/uploads/2026/07/PP_2026_n.pdf | C7: перевірено
A8: Правила прийому ЛНУ — головна сторінка з усіма додатками | B8: https://admission.lnu.edu.ua/guidelines-for-admission/ | C8: перевірено
A9: Графік вступних іспитів PhD у Львівській політехніці 2026 (F3 — 09.09.2026, 14:30, І корпус, Старосольських 2/4). Оновлено 06.08.2026 | B9: https://lpnu.ua/sites/default/files/2020/pages/1867/aspiranturagrafik-provedennya-vstupnikh-ispitiv06082026.pdf | C9: перевірено
A10: Сторінка «Обсяги державного замовлення» Львівської політехніки — досі лише файл за 2025 рік (оновлено 11 місяців тому). Пряме підтвердження, що розподіл-2026 ще не опубліковано | B10: https://lpnu.ua/aspirantam/vstup/obsiagy-derzhavnogo-zamovlennia | C10: перевірено 25.08.2026
A11: Програми вступних іспитів зі спеціальності PhD, Львівська політехніка (затверджені 01.05.2026) | B11: https://lpnu.ua/aspirantam/vstup/prohramy-vstupnykh-ispytiv-zi-spetsialnosti | C11: перевірено
A12: Розклад вступних іспитів зі спеціальності PhD у ЛНУ (F3 — 19.09.2026, 14:00) | B12: https://admission.lnu.edu.ua/wp-content/uploads/2026/08/Rozklad-PhD.pdf | C12: перевірено
A13: Етапи вступної кампанії до аспірантури, ЛНУ | B13: https://admission.lnu.edu.ua/vstupnyku-do-aspirantury/etapy-vstupnoi-kampanii-aspirantura/ | C13: перевірено; частково застарів
A14: Програма вступного іспиту 122 Комп'ютерні науки, ЛНУ (версія 2024) | B14: https://aspirantura.lnu.edu.ua/wp-content/uploads/2024/08/122_Programa_vstupnogo_ispytu_2024.pdf | C14: перевірено
A15: Програми вступних іспитів PhD, ЛНУ — сторінка з переліком | B15: https://aspirantura.lnu.edu.ua/informatsiia-dlia-vstupnykiv/programs/ | C15: перевірено
A17: СТРОКИ ТА ЗАГАЛЬНОНАЦІОНАЛЬНІ ПРАВИЛА
A18: Строки вступу до аспірантури 2026: подача заяв до 18:00 07.09, іспити 8–21.09, рекомендації з 22.09, зарахування до 28.09 | B18: https://osvita.ua/vnz/vstup-do-aspirantury/96812/ | C18: перевірено
A19: Додаткова сесія ЄВІ/ЄВВ 24–28 серпня, результати до 4 вересня — УЦОЯО | B19: https://testportal.gov.ua/dodatkova-sesiya-yevi-yevv-2026/ | C19: перевірено
A20: Спецсесії ЄВІ 11–13 вересня; реєстрація була 7–17 серпня; для ЄВВ спецсесій немає | B20: https://testportal.gov.ua/yevi-2026-spetsialno-organizovani-sesiyi/ | C20: перевірено
A21: Формула конкурсного бала для аспірантури: 0,2·П1 + 0,2·П2 + 0,6·П3 | B21: https://www.education.ua/news/2026/02/18/konkursnyi-bal-pry-vstupi-do-aspirantury-u-2026-rotsi/ | C21: перевірено
A22: Ліміт заяв: 10 усього, з них 5 на бюджет; денна лише бюджет, контракт лише заочна/вечірня | B22: https://www.education.ua/vstup/phd-admission/ | C22: перевірено
A23: Ліміт 10 заяв єдиний для всієї кампанії, включно з осінньою сесією | B23: https://www.rbc.ua/rus/news/k-i-skilki-zayav-podavati-abiturientam-shchob-1784048166.html | C23: перевірено
A25: БАЛИ ТА ПЕРЕВЕДЕННЯ
A26: Таблиця переведення тестових балів ТЗНК у шкалу 100–200 (Додаток 5) | B26: https://osvita.ua/master/master-zno/rozrahunok-bala/74870/ | C26: перевірено
A27: Таблиця переведення тестових балів з іноземної мови ЄВІ у шкалу 100–200 | B27: https://osvita.ua/master/master-zno/rozrahunok-bala/74839/ | C27: перевірено
A29: МІСЦЯ ТА ДЕРЖЗАМОВЛЕННЯ
A30: Розподіл бюджетних місць в аспірантуру 2026 за галузями: усього 6 073, IT — 769 | B30: https://www.education.ua/news/2026/07/15/skilky-biudzhetnykh-mists-dlia-vstupnykiv-do-aspirantury-2026/ | C30: перевірено
A31: Торік розподіл між ЗВО відбувся лише 15 вересня; понад 20 тис. зареєстрованих на іспити | B31: https://fakty.com.ua/ua/ukraine/20260702-kilkist-byudzhetnyh-mists-na-aspiranturu-shho-vidomo-pro-derzhzamovlennya-u-2026-rotsi/ | C31: перевірено
A32: Формульний розподіл місць в аспірантуру, критерії (наказ МОН № 863 від 17.06.2025) | B32: https://mon.gov.ua/news/mon-vpershe-zaprovadzheno-formulnyi-rozpodil-mists-v-aspiranturu | C32: перевірено
A34: ДАНІ ПО ПРОПОЗИЦІЯХ (звідки всі 66 рядків)
A35: ІС «Вступ.ОСВІТА.UA» — усі пропозиції PhD F3 Комп'ютерні науки, денна форма, сторінка 1 | B35: https://vstup.osvita.ua/spec/7-640-1/0-0-2548-0-0-0/ | C35: оновлено 26.08.2026
A36: Те саме, сторінка 2 | B36: https://vstup.osvita.ua/spec/7-640-1/0-0-2548-0-0-50/ | C36: перевірено 25.08.2026
A37: Приклад сторінки 2025 року, де ВИДНО обсяг держзамовлення (СумДУ: ЛО 20, ДЗ 20, заяв 40) | B37: https://vstup.osvita.ua/y2025/r19/168/1476693/ | C37: перевірено
A39: ВІДСТРОЧКА
A40: Відстрочка для аспірантів 2026: денна або дуальна форма, статус підтверджується в ЄДЕБО | B40: https://tsn.ua/exclusive/vidstrochka-vid-mobilizatsiyi-dlia-studentiv-u-2026-rotsi-khto-maye-pravo-iak-oformyty-ta-koly-yiyi-mozut-skasuvaty-3151295.html | C40: перевірено
A41: Оформлення через «Резерв+» або ЦНАП; ТЦК заяви напряму більше не приймають | B41: https://tehnofan.com.ua/2026/08/18/vidstrochka-dlya-studentiv-ta-aspirantiv-z-1-veresnya-diyatymut%CA%B9-novi-pravyla/ | C41: перевірено
A43: ЩО ЗНАЙТИ НЕ ВДАЛОСЯ
A44: Розклади вступних іспитів PhD на 2026 рік по інших ЗВО. Станом на 25.08.2026 більшість ще не опублікована — іспити 8–21 вересня, розклади зазвичай виходять за тиждень-два. Приклад: у Каразінського в мережі лежить лише розклад 2025 року. Знайдено і заповнено 2 з 66: ЛНУ ім. Франка та Львівська політехніка. | B44: https://karazin.ua/universitet/structure/strukturni-pidrozdily/viddil-aspirantury-ta-doktorantury/ | C44: чекати оновлення
A45: Обсяг держзамовлення на 2026 у розрізі ЗВО — не опубліковано, очікується ~середина вересня | C45: недоступно
A46: Формат відвідування (дистанційно / очно) — ніде централізовано не публікується, тільки запит до відділу аспірантури кожного ЗВО | C46: тільки запит

Sheet Держзамовлення 2024 (факт)
A1: ФАКТИЧНИЙ РОЗПОДІЛ ДЕРЖЗАМОВЛЕННЯ В АСПІРАНТУРУ, 2024
A2: Джерело: Додаток 2 до протоколу № 1 засідання конкурсної комісії МОН (mon.gov.ua), знімок archive.org від 27.04.2025.
A3: ЦЕ ЄДИНИЙ РІК, за який вдалося дістати розподіл ПО ВИШАХ. Аналогічні документи за 2022, 2023 і 2025 у відкритому доступі не знайдено.
A4: УВАГА: 2024 рахувався за СТАРИМ класифікатором (галузі 12, 14, 17) і БЕЗ формули — рішення ухвалювались вручну.
A5: Формульний розподіл діє лише з 2025 (наказ МОН № 863 від 17.06.2025), тому 2024 — орієнтир про масштаб, а не прогноз.
A7: ЗАПОРІЗЬКА ПОЛІТЕХНІКА — усе, що отримала у 2024
A8: Галузь | B8: Місць
A9: 13 Механічна інженерія | B9: 13
A10: 14 Електрична інженерія | B10: 8
A11: 12 Інформаційні технології | B11: 6
A12: 05 Соціальні та поведінкові науки | B12: 4
A13: 07 Управління та адміністрування | B13: 3
A14: 19 Архітектора та будівництво | B14: 3
A15: 08 Право | B15: 2
A16: 23 Соціальна робота | B16: 2
A17: РАЗОМ по вишу | B17: 41
A18: Галузь 17 «Електроніка, автоматизація та електронні комунікації» — 0 місць, вишу в переліку НЕМАЄ.
A20: ГАЛУЗЬ 12 ІНФОРМАЦІЙНІ ТЕХНОЛОГІЇ — усього 619 місць, 56 ЗВО
A21: ЗВО | B21: Місць
A22: Харківський національний університет радіоелектроніки | B22: 69
A23: Національний технічний університет України «Київський політехнічний інститут імені Ігоря Сікорського» | B23: 63
A24: Національний університет «Львівська політехніка» | B24: 59
A25: Київський національний університет імені Тараса Шевченка | B25: 51
A26: Національний технічний університет «Харківський політехнічний інститут» | B26: 45
A27: Національний авіаційний університет | B27: 21
A28: Державний університет інформаційно-комунікаційних технологій | B28: 20
A29: Вінницький національний технічний університет | B29: 19
A30: Львівський національний університет імені Івана Франка | B30: 19
A31: Національний аерокосмічний університет ім. М. Є. Жуковського «Харківський авіаційний інститут» | B31: 19
A32: Національний університет «Одеська політехніка» | B32: 15
A33: Національний університет біоресурсів і природокористування України | B33: 15
... A77: Чорноморський національний університет імені Петра Могили | B77: 2
A79: ГАЛУЗЬ 17 ЕЛЕКТРОНІКА, АВТОМАТИЗАЦІЯ ТА ЕЛЕКТРОННІ КОМУНІКАЦІЇ — усього 259 місць, 30 ЗВО
A80: ЗВО | B80: Місць
A81: Національний технічний університет України «Київський політехнічний інститут імені Ігоря Сікорського» | B81: 62
A82: Національний університет «Львівська політехніка» | B82: 39
A83: Харківський національний університет радіоелектроніки | B83: 23
A84: Національний технічний університет «Харківський політехнічний інститут» | B84: 15
A85: Національний авіаційний університет | B85: 12
A86: Національний аерокосмічний університет ім. М. Є. Жуковського «Харківський авіаційний інститут» | B86: 12
A87: Івано-Франківський національний технічний університет нафти і газу | B87: 8
A88: Вінницький національний технічний університет | B88: 7
A89: Державний університет інформаційно-комунікаційних технологій | B89: 7
A90: Національний університет «Одеська політехніка» | B90: 7
A91: Державний університет інтелектуальних технологій і зв'язку | B91: 6
A92: Київський національний університет імені Тараса Шевченка | B92: 6
... A110: Чернівецький національний університет імені Юрія Федьковича | B110: 3
A112: ГАЛУЗЬ 14 ЕЛЕКТРИЧНА ІНЖЕНЕРІЯ — усього 226 місць, 27 ЗВО
A113: ЗВО | B113: Місць
A114: Національний технічний університет України «Київський політехнічний інститут імені Ігоря Сікорського» | B114: 43
A115: 18 Національний технічний університет «Харківський політехнічний інститут» | B115: 37
A116: Національний університет кораблебудування імені адмірала Макарова | B116: 17
A117: Національний університет «Львівська політехніка» | B117: 14
A118: Національний університет біоресурсів і природокористування України | B118: 12
A119: Національний університет «Одеська політехніка» | B119: 9
A120: Національний університет «Запорізька політехніка» | B120: 8
A121: Національний авіаційний університет | B121: 7
A122: Одеський національний технологічний університет | B122: 7
A123: Вінницький національний технічний університет | B123: 6
A124: Національний аерокосмічний університет ім. М. Є. Жуковського «Харківський авіаційний інститут» | B124: 6
A125: Національний університет харчових технологій | B125: 6
... A140: Таврійський державний агротехнологічний університет імені Дмитра Моторного | B140: 3
